INDEX,X,Y,SEMA,SHAXIAN,LUOLA,DUMU,ZHENBAN,SIGN,PRE_ACTION,POST_ACTION,CMD
1,50,1,+8,1,1,1,1,+,+11,+11,
2,49,1,+8,1,1,1,1,+,+11,+11,
3,48,1,+8,1,1,1,1,+,+11,+11,
4,47,1,+8,1,1,1,1,+,+11,+11,
5,46,1,+8,1,1,1,1,+,+11,+11,
6,45,1,+8,1,1,1,1,+,+11,+11,
7,44,1,+8,1,1,1,1,+,+11,+11,
8,43,1,+8,1,1,1,1,+,+11,+11,
9,42,1,+8,1,1,1,1,+,+11,+11,
10,41,1,+8,1,1,1,1,+,+11,+11,
11,40,1,+8,1,1,1,1,+,+11,+11,
12,39,1,+8,1,1,1,1,+,+11,+11,
13,38,1,+8,1,1,1,1,+,+11,+11,
14,37,1,+8,1,1,1,1,+,+11,+11,
15,36,1,+8,1,1,1,1,+,+11,+11,
16,35,1,+8,1,1,1,1,+,+11,+11,
17,34,1,+8,1,1,1,1,+,+11,+11,
18,33,1,+8,1,1,1,1,+,+11,+11,
19,32,1,+8,1,1,1,1,+,+11,+11,
20,31,1,+8,1,1,1,1,+,+11,+11,
21,30,1,+8,1,1,1,1,+,+11,+11,
22,29,1,+8,1,1,1,1,+,+11,+11,
23,28,1,+8,1,1,1,1,+,+11,+11,
24,27,1,+8,1,1,1,1,+,+11,+11,
25,26,1,+8,1,1,1,1,+,+11,+11,
26,25,1,+8,1,1,1,1,+,+11,+11,
27,24,1,+8,1,1,1,1,+,+11,+11,
28,23,1,+8,1,1,1,1,+,+11,+11,
29,22,1,+8,1,1,1,1,+,+11,+11,
30,21,1,+8,1,1,1,1,+,+11,+11,
31,20,1,+8,1,1,1,1,+,+11,+11,
32,19,1,+8,1,1,1,1,+,+11,+11,
33,18,1,+8,1,1,1,1,+,+11,+11,
34,17,1,+8,1,1,1,1,+,+11,+11,
35,16,1,+8,1,1,1,1,+,+11,+11,
36,15,1,+8,1,1,1,1,+,+11,+11,
37,14,1,+8,1,1,1,1,+,+11,+11,
38,13,1,+8,1,1,1,1,+,+11,+11,
39,12,1,+8,1,1,1,1,+,+11,+11,
40,11,1,+8,1,1,1,1,+,+11,+11,
41,10,1,+8,1,1,1,1,+,+11,+11,
42,9,1,+8,1,1,1,1,+,+11,+11,
43,8,1,+8,1,1,1,1,+,+11,+11,
44,7,1,+8,1,1,1,1,+,+11,+11,
45,6,1,+8,1,1,1,1,+,+11,+11,
46,5,1,+8,1,1,1,1,+,+11,+11,
47,4,1,+8,1,1,1,1,+,+11,+11,
48,3,1,+8,1,1,1,1,+,+11,+11,
49,2,1,+8,1,1,1,1,+,+11,+11,
50,1,1,+8,1,1,1,1,+,+11,+11,
,,,,+11,1,,,+,,,line_switch
51,1,2,-8,1,1,1,1,-,+11,+11,
52,2,2,-8,1,1,1,1,-,-11,-11,
53,3,2,-8,1,1,1,1,-,-11,-11,
54,4,2,-8,1,1,1,1,-,-11,-11,
55,5,2,-8,1,1,1,1,-,-11,-11,
56,6,2,-8,1,1,1,1,-,-11,-11,
57,7,2,-8,1,1,1,1,-,-11,-11,
58,8,2,-8,1,1,1,1,-,-11,-11,
59,9,2,-8,1,1,1,1,-,-11,-11,
60,10,2,-8,1,1,1,1,-,-11,-11,
61,11,2,-8,1,1,1,1,-,-11,-11,
62,12,2,-8,1,1,1,1,-,-11,-11,
63,13,2,-8,1,1,1,1,-,-11,-11,
64,14,2,-8,1,1,1,1,-,-11,-11,
65,15,2,-8,1,1,1,1,-,-11,-11,
66,16,2,-8,1,1,1,1,-,-11,-11,
67,17,2,-8,1,1,1,1,-,-11,-11,
68,18,2,-8,1,1,1,1,-,-11,-11,
69,19,2,-8,1,1,1,1,-,-11,-11,
70,20,2,-8,1,1,1,1,-,-11,-11,
71,21,2,-8,1,1,1,1,-,-11,-11,
72,22,2,-8,1,1,1,1,-,-11,-11,
73,23,2,-8,1,1,1,1,-,-11,-11,
74,24,2,-8,1,1,1,1,-,-11,-11,
75,25,2,-8,1,1,1,1,-,-11,-11,
76,26,2,-8,1,1,1,1,-,-11,-11,
77,27,2,-8,1,1,1,1,-,-11,-11,
78,28,2,-8,1,1,1,1,-,-11,-11,
79,29,2,-8,1,1,1,1,-,-11,-11,
80,30,2,-8,1,1,1,1,-,-11,-11,
81,31,2,-8,1,1,1,1,-,-11,-11,
82,32,2,-8,1,1,1,1,-,-11,-11,
83,33,2,-8,1,1,1,1,-,-11,-11,
84,34,2,-8,1,1,1,1,-,-11,-11,
85,35,2,-8,1,1,1,1,-,-11,-11,
86,36,2,-8,1,1,1,1,-,-11,-11,
87,37,2,-8,1,1,1,1,-,-11,-11,
88,38,2,-8,1,1,1,1,-,-11,-11,
89,39,2,-8,1,1,1,1,-,-11,-11,
90,40,2,-8,1,1,1,1,-,-11,-11,
91,41,2,-8,1,1,1,1,-,-11,-11,
92,42,2,-8,1,1,1,1,-,-11,-11,
93,43,2,-8,1,1,1,1,-,-11,-11,
94,44,2,-8,1,1,1,1,-,-11,-11,
95,45,2,-8,1,1,1,1,-,-11,-11,
96,46,2,-8,1,1,1,1,-,-11,-11,
97,47,2,-8,1,1,1,1,-,-11,-11,
98,48,2,-8,1,1,1,1,-,-11,-11,
99,49,2,-8,1,1,1,1,-,-11,-11,
100,50,2,-8,1,1,1,1,-,-11,-11,
,,,,-11,1,,,-,,,line_switch
101,50,3,+8,1,1,1,1,+,-11,-11,
102,49,3,+8,1,1,1,1,+,+11,+11,
103,48,3,+8,1,1,1,1,+,+11,+11,
104,47,3,+8,1,1,1,1,+,+11,+11,
105,46,3,+8,1,1,1,1,+,+11,+11,
106,45,3,+8,1,1,1,1,+,+11,+11,
107,44,3,+8,1,1,1,1,+,+11,+11,
108,43,3,+8,1,1,1,1,+,+11,+11,
109,42,3,+8,1,1,1,1,+,+11,+11,
110,41,3,+8,1,1,1,1,+,+11,+11,
111,40,3,+8,1,1,1,1,+,+11,+11,
112,39,3,+8,1,1,1,1,+,+11,+11,
113,38,3,+8,1,1,1,1,+,+11,+11,
114,37,3,+8,1,1,1,1,+,+11,+11,
115,36,3,+8,1,1,1,1,+,+11,+11,
116,35,3,+8,1,1,1,1,+,+11,+11,
117,34,3,+8,1,1,1,1,+,+11,+11,
118,33,3,+8,1,1,1,1,+,+11,+11,
119,32,3,+8,1,1,1,1,+,+11,+11,
120,31,3,+8,1,1,1,1,+,+11,+11,
121,30,3,+8,1,1,1,1,+,+11,+11,
122,29,3,+8,1,1,1,1,+,+11,+11,
123,28,3,+8,1,1,1,1,+,+11,+11,
124,27,3,+8,1,1,1,1,+,+11,+11,
125,26,3,+8,1,1,1,1,+,+11,+11,
126,25,3,+8,1,1,1,1,+,+11,+11,
127,24,3,+8,1,1,1,1,+,+11,+11,
128,23,3,+8,1,1,1,1,+,+11,+11,
129,22,3,+8,1,1,1,1,+,+11,+11,
130,21,3,+8,1,1,1,1,+,+11,+11,
131,20,3,+8,1,1,1,1,+,+11,+11,
132,19,3,+8,1,1,1,1,+,+11,+11,
133,18,3,+8,1,1,1,1,+,+11,+11,
134,17,3,+8,1,1,1,1,+,+11,+11,
135,16,3,+8,1,1,1,1,+,+11,+11,
136,15,3,+8,1,1,1,1,+,+11,+11,
137,14,3,+8,1,1,1,1,+,+11,+11,
138,13,3,+8,1,1,1,1,+,+11,+11,
139,12,3,+8,1,1,1,1,+,+11,+11,
140,11,3,+8,1,1,1,1,+,+11,+11,
141,10,3,+8,1,1,1,1,+,+11,+11,
142,9,3,+8,1,1,1,1,+,+11,+11,
143,8,3,+8,1,1,1,1,+,+11,+11,
144,7,3,+8,1,1,1,1,+,+11,+11,
145,6,3,+8,1,1,1,1,+,+11,+11,
146,5,3,+8,1,1,1,1,+,+11,+11,
147,4,3,+8,1,1,1,1,+,+11,+11,
148,3,3,+8,1,1,1,1,+,+11,+11,
149,2,3,+8,1,1,1,1,+,+11,+11,
150,1,3,+8,1,1,1,1,+,+11,+11,
,,,,+11,1,,,+,,,line_switch
151,1,4,-8,1,1,1,1,-,+11,+11,
152,2,4,-8,1,1,1,1,-,-11,-11,
153,3,4,-8,1,1,1,1,-,-11,-11,
154,4,4,-8,1,1,1,1,-,-11,-11,
155,5,4,-8,1,1,1,1,-,-11,-11,
156,6,4,-8,1,1,1,1,-,-11,-11,
157,7,4,-8,1,1,1,1,-,-11,-11,
158,8,4,-8,1,1,1,1,-,-11,-11,
159,9,4,-8,1,1,1,1,-,-11,-11,
160,10,4,-8,1,1,1,1,-,-11,-11,
161,11,4,-8,1,1,1,1,-,-11,-11,
162,12,4,-8,1,1,1,1,-,-11,-11,
163,13,4,-8,1,1,1,1,-,-11,-11,
164,14,4,-8,1,1,1,1,-,-11,-11,
165,15,4,-8,1,1,1,1,-,-11,-11,
166,16,4,-8,1,1,1,1,-,-11,-11,
167,17,4,-8,1,1,1,1,-,-11,-11,
168,18,4,-8,1,1,1,1,-,-11,-11,
169,19,4,-8,1,1,1,1,-,-11,-11,
170,20,4,-8,1,1,1,1,-,-11,-11,
171,21,4,-8,1,1,1,1,-,-11,-11,
172,22,4,-8,1,1,1,1,-,-11,-11,
173,23,4,-8,1,1,1,1,-,-11,-11,
174,24,4,-8,1,1,1,1,-,-11,-11,
175,25,4,-8,1,1,1,1,-,-11,-11,
176,26,4,-8,1,1,1,1,-,-11,-11,
177,27,4,-8,1,1,1,1,-,-11,-11,
178,28,4,-8,1,1,1,1,-,-11,-11,
179,29,4,-8,1,1,1,1,-,-11,-11,
180,30,4,-8,1,1,1,1,-,-11,-11,
181,31,4,-8,1,1,1,1,-,-11,-11,
182,32,4,-8,1,1,1,1,-,-11,-11,
183,33,4,-8,1,1,1,1,-,-11,-11,
184,34,4,-8,1,1,1,1,-,-11,-11,
185,35,4,-8,1,1,1,1,-,-11,-11,
186,36,4,-8,1,1,1,1,-,-11,-11,
187,37,4,-8,1,1,1,1,-,-11,-11,
188,38,4,-8,1,1,1,1,-,-11,-11,
189,39,4,-8,1,1,1,1,-,-11,-11,
190,40,4,-8,1,1,1,1,-,-11,-11,
191,41,4,-8,1,1,1,1,-,-11,-11,
192,42,4,-8,1,1,1,1,-,-11,-11,
193,43,4,-8,1,1,1,1,-,-11,-11,
194,44,4,-8,1,1,1,1,-,-11,-11,
195,45,4,-8,1,1,1,1,-,-11,-11,
196,46,4,-8,1,1,1,1,-,-11,-11,
197,47,4,-8,1,1,1,1,-,-11,-11,
198,48,4,-8,1,1,1,1,-,-11,-11,
199,49,4,-8,1,1,1,1,-,-11,-11,
200,50,4,-8,1,1,1,1,-,-11,-11,
,,,,-11,1,,,-,,,line_switch
201,50,5,+8,1,1,1,1,+,-11,-11,
202,49,5,+8,1,1,1,1,+,+11,+11,
203,48,5,+8,1,1,1,1,+,+11,+11,
204,47,5,+8,1,1,1,1,+,+11,+11,
205,46,5,+8,1,1,1,1,+,+11,+11,
206,45,5,+8,1,1,1,1,+,+11,+11,
207,44,5,+8,1,1,1,1,+,+11,+11,
208,43,5,+8,1,1,1,1,+,+11,+11,
209,42,5,+8,1,1,1,1,+,+11,+11,
210,41,5,+8,1,1,1,1,+,+11,+11,
211,40,5,+8,1,1,1,1,+,+11,+11,
212,39,5,+8,1,1,1,1,+,+11,+11,
213,38,5,+8,1,1,1,1,+,+11,+11,
214,37,5,+8,1,1,1,1,+,+11,+11,
215,36,5,+8,1,1,1,1,+,+11,+11,
216,35,5,+8,1,1,1,1,+,+11,+11,
217,34,5,+8,1,1,1,1,+,+11,+11,
218,33,5,+8,1,1,1,1,+,+11,+11,
219,32,5,+8,1,1,1,1,+,+11,+11,
220,31,5,+8,1,1,1,1,+,+11,+11,
221,30,5,+8,1,1,1,1,+,+11,+11,
222,29,5,+8,1,1,1,1,+,+11,+11,
223,28,5,+8,1,1,1,1,+,+11,+11,
224,27,5,+8,1,1,1,1,+,+11,+11,
225,26,5,+8,1,1,1,1,+,+11,+11,
226,25,5,+8,1,1,1,1,+,+11,+11,
227,24,5,+8,1,1,1,1,+,+11,+11,
228,23,5,+8,1,1,1,1,+,+11,+11,
229,22,5,+8,1,1,1,1,+,+11,+11,
230,21,5,+8,1,1,1,1,+,+11,+11,
231,20,5,+8,1,1,1,1,+,+11,+11,
232,19,5,+8,1,1,1,1,+,+11,+11,
233,18,5,+8,1,1,1,1,+,+11,+11,
234,17,5,+8,1,1,1,1,+,+11,+11,
235,16,5,+8,1,1,1,1,+,+11,+11,
236,15,5,+8,1,1,1,1,+,+11,+11,
237,14,5,+8,1,1,1,1,+,+11,+11,
238,13,5,+8,1,1,1,1,+,+11,+11,
239,12,5,+8,1,1,1,1,+,+11,+11,
240,11,5,+8,1,1,1,1,+,+11,+11,
241,10,5,+8,1,1,1,1,+,+11,+11,
242,9,5,+8,1,1,1,1,+,+11,+11,
243,8,5,+8,1,1,1,1,+,+11,+11,
244,7,5,+8,1,1,1,1,+,+11,+11,
245,6,5,+8,1,1,1,1,+,+11,+11,
246,5,5,+8,1,1,1,1,+,+11,+11,
247,4,5,+8,1,1,1,1,+,+11,+11,
248,3,5,+8,1,1,1,1,+,+11,+11,
249,2,5,+8,1,1,1,1,+,+11,+11,
250,1,5,+8,1,1,1,1,+,+11,+11,
,,,,+11,1,,,+,,,line_switch
251,1,6,-8,1,1,1,1,-,+11,+11,
252,2,6,-8,1,1,1,1,-,-11,-11,
253,3,6,-8,1,1,1,1,-,-11,-11,
254,4,6,-8,1,1,1,1,-,-11,-11,
255,5,6,-8,1,1,1,1,-,-11,-11,
256,6,6,-8,1,1,1,1,-,-11,-11,
257,7,6,-8,1,1,1,1,-,-11,-11,
258,8,6,-8,1,1,1,1,-,-11,-11,
259,9,6,-8,1,1,1,1,-,-11,-11,
260,10,6,-8,1,1,1,1,-,-11,-11,
261,11,6,-8,1,1,1,1,-,-11,-11,
262,12,6,-8,1,1,1,1,-,-11,-11,
263,13,6,-8,1,1,1,1,-,-11,-11,
264,14,6,-8,1,1,1,1,-,-11,-11,
265,15,6,-8,1,1,1,1,-,-11,-11,
266,16,6,-8,1,1,1,1,-,-11,-11,
267,17,6,-8,1,1,1,1,-,-11,-11,
268,18,6,-8,1,1,1,1,-,-11,-11,
269,19,6,-8,1,1,1,1,-,-11,-11,
270,20,6,-8,1,1,1,1,-,-11,-11,
271,21,6,-8,1,1,1,1,-,-11,-11,
272,22,6,-8,1,1,1,1,-,-11,-11,
273,23,6,-8,1,1,1,1,-,-11,-11,
274,24,6,-8,1,1,1,1,-,-11,-11,
275,25,6,-8,1,1,1,1,-,-11,-11,
276,26,6,-8,1,1,1,1,-,-11,-11,
277,27,6,-8,1,1,1,1,-,-11,-11,
278,28,6,-8,1,1,1,1,-,-11,-11,
279,29,6,-8,1,1,1,1,-,-11,-11,
280,30,6,-8,1,1,1,1,-,-11,-11,
281,31,6,-8,1,1,1,1,-,-11,-11,
282,32,6,-8,1,1,1,1,-,-11,-11,
283,33,6,-8,1,1,1,1,-,-11,-11,
284,34,6,-8,1,1,1,1,-,-11,-11,
285,35,6,-8,1,1,1,1,-,-11,-11,
286,36,6,-8,1,1,1,1,-,-11,-11,
287,37,6,-8,1,1,1,1,-,-11,-11,
288,38,6,-8,1,1,1,1,-,-11,-11,
289,39,6,-8,1,1,1,1,-,-11,-11,
290,40,6,-8,1,1,1,1,-,-11,-11,
291,41,6,-8,1,1,1,1,-,-11,-11,
292,42,6,-8,1,1,1,1,-,-11,-11,
293,43,6,-8,1,1,1,1,-,-11,-11,
294,44,6,-8,1,1,1,1,-,-11,-11,
295,45,6,-8,1,1,1,1,-,-11,-11,
296,46,6,-8,1,1,1,1,-,-11,-11,
297,47,6,-8,1,1,1,1,-,-11,-11,
298,48,6,-8,1,1,1,1,-,-11,-11,
299,49,6,-8,1,1,1,1,-,-11,-11,
300,50,6,-8,1,1,1,1,-,-11,-11,
,,,,-11,1,,,-,,,line_switch
301,50,7,+8,1,1,1,1,+,-11,-11,
302,49,7,+8,1,1,1,1,+,+11,+11,
303,48,7,+8,1,1,1,1,+,+11,+11,
304,47,7,+8,1,1,1,1,+,+11,+11,
305,46,7,+8,1,1,1,1,+,+11,+11,
306,45,7,+8,1,1,1,1,+,+11,+11,
307,44,7,+8,1,1,1,1,+,+11,+11,
308,43,7,+8,1,1,1,1,+,+11,+11,
309,42,7,+8,1,1,1,1,+,+11,+11,
310,41,7,+8,1,1,1,1,+,+11,+11,
311,40,7,+8,1,1,1,1,+,+11,+11,
312,39,7,+8,1,1,1,1,+,+11,+11,
313,38,7,+8,1,1,1,1,+,+11,+11,
314,37,7,+8,1,1,1,1,+,+11,+11,
315,36,7,+8,1,1,1,1,+,+11,+11,
316,35,7,+8,1,1,1,1,+,+11,+11,
317,34,7,+8,1,1,1,1,+,+11,+11,
318,33,7,+8,1,1,1,1,+,+11,+11,
319,32,7,+8,1,1,1,1,+,+11,+11,
320,31,7,+8,1,1,1,1,+,+11,+11,
321,30,7,+8,1,1,1,1,+,+11,+11,
322,29,7,+8,1,1,1,1,+,+11,+11,
323,28,7,+8,1,1,1,1,+,+11,+11,
324,27,7,+8,1,1,1,1,+,+11,+11,
325,26,7,+8,1,1,1,1,+,+11,+11,
326,25,7,+8,1,1,1,1,+,+11,+11,
327,24,7,+8,1,1,1,1,+,+11,+11,
328,23,7,+8,1,1,1,1,+,+11,+11,
329,22,7,+8,1,1,1,1,+,+11,+11,
330,21,7,+8,1,1,1,1,+,+11,+11,
331,20,7,+8,1,1,1,1,+,+11,+11,
332,19,7,+8,1,1,1,1,+,+11,+11,
333,18,7,+8,1,1,1,1,+,+11,+11,
334,17,7,+8,1,1,1,1,+,+11,+11,
335,16,7,+8,1,1,1,1,+,+11,+11,
336,15,7,+8,1,1,1,1,+,+11,+11,
337,14,7,+8,1,1,1,1,+,+11,+11,
338,13,7,+8,1,1,1,1,+,+11,+11,
339,12,7,+8,1,1,1,1,+,+11,+11,
340,11,7,+8,1,1,1,1,+,+11,+11,
341,10,7,+8,1,1,1,1,+,+11,+11,
342,9,7,+8,1,1,1,1,+,+11,+11,
343,8,7,+8,1,1,1,1,+,+11,+11,
344,7,7,+8,1,1,1,1,+,+11,+11,
345,6,7,+8,1,1,1,1,+,+11,+11,
346,5,7,+8,1,1,1,1,+,+11,+11,
347,4,7,+8,1,1,1,1,+,+11,+11,
348,3,7,+8,1,1,1,1,+,+11,+11,
349,2,7,+8,1,1,1,1,+,+11,+11,
350,1,7,+8,1,1,1,1,+,+11,+11,
,,,,+11,1,,,+,,,line_switch
351,1,8,-8,1,1,1,1,-,+11,+11,
352,2,8,-8,1,1,1,1,-,-11,-11,
353,3,8,-8,1,1,1,1,-,-11,-11,
354,4,8,-8,1,1,1,1,-,-11,-11,
355,5,8,-8,1,1,1,1,-,-11,-11,
356,6,8,-8,1,1,1,1,-,-11,-11,
357,7,8,-8,1,1,1,1,-,-11,-11,
358,8,8,-8,1,1,1,1,-,-11,-11,
359,9,8,-8,1,1,1,1,-,-11,-11,
360,10,8,-8,1,1,1,1,-,-11,-11,
361,11,8,-8,1,1,1,1,-,-11,-11,
362,12,8,-8,1,1,1,1,-,-11,-11,
363,13,8,-8,1,1,1,1,-,-11,-11,
364,14,8,-8,1,1,1,1,-,-11,-11,
365,15,8,-8,1,1,1,1,-,-11,-11,
366,16,8,-8,1,1,1,1,-,-11,-11,
367,17,8,-8,1,1,1,1,-,-11,-11,
368,18,8,-8,1,1,1,1,-,-11,-11,
369,19,8,-8,1,1,1,1,-,-11,-11,
370,20,8,-8,1,1,1,1,-,-11,-11,
371,21,8,-8,1,1,1,1,-,-11,-11,
372,22,8,-8,1,1,1,1,-,-11,-11,
373,23,8,-8,1,1,1,1,-,-11,-11,
374,24,8,-8,1,1,1,1,-,-11,-11,
375,25,8,-8,1,1,1,1,-,-11,-11,
376,26,8,-8,1,1,1,1,-,-11,-11,
377,27,8,-8,1,1,1,1,-,-11,-11,
378,28,8,-8,1,1,1,1,-,-11,-11,
379,29,8,-8,1,1,1,1,-,-11,-11,
380,30,8,-8,1,1,1,1,-,-11,-11,
381,31,8,-8,1,1,1,1,-,-11,-11,
382,32,8,-8,1,1,1,1,-,-11,-11,
383,33,8,-8,1,1,1,1,-,-11,-11,
384,34,8,-8,1,1,1,1,-,-11,-11,
385,35,8,-8,1,1,1,1,-,-11,-11,
386,36,8,-8,1,1,1,1,-,-11,-11,
387,37,8,-8,1,1,1,1,-,-11,-11,
388,38,8,-8,1,1,1,1,-,-11,-11,
389,39,8,-8,1,1,1,1,-,-11,-11,
390,40,8,-8,1,1,1,1,-,-11,-11,
391,41,8,-8,1,1,1,1,-,-11,-11,
392,42,8,-8,1,1,1,1,-,-11,-11,
393,43,8,-8,1,1,1,1,-,-11,-11,
394,44,8,-8,1,1,1,1,-,-11,-11,
395,45,8,-8,1,1,1,1,-,-11,-11,
396,46,8,-8,1,1,1,1,-,-11,-11,
397,47,8,-8,1,1,1,1,-,-11,-11,
398,48,8,-8,1,1,1,1,-,-11,-11,
399,49,8,-8,1,1,1,1,-,-11,-11,
400,50,8,-8,1,1,1,1,-,-11,-11,
,,,,-11,1,,,-,,,line_switch
401,50,9,+8,1,1,1,1,+,-11,-11,
402,49,9,+8,1,1,1,1,+,+11,+11,
403,48,9,+8,1,1,1,1,+,+11,+11,
404,47,9,+8,1,1,1,1,+,+11,+11,
405,46,9,+8,1,1,1,1,+,+11,+11,
406,45,9,+8,1,1,1,1,+,+11,+11,
407,44,9,+8,1,1,1,1,+,+11,+11,
408,43,9,+8,1,1,1,1,+,+11,+11,
409,42,9,+8,1,1,1,1,+,+11,+11,
410,41,9,+8,1,1,1,1,+,+11,+11,
411,40,9,+8,1,1,1,1,+,+11,+11,
412,39,9,+8,1,1,1,1,+,+11,+11,
413,38,9,+8,1,1,1,1,+,+11,+11,
414,37,9,+8,1,1,1,1,+,+11,+11,
415,36,9,+8,1,1,1,1,+,+11,+11,
416,35,9,+8,1,1,1,1,+,+11,+11,
417,34,9,+8,1,1,1,1,+,+11,+11,
418,33,9,+8,1,1,1,1,+,+11,+11,
419,32,9,+8,1,1,1,1,+,+11,+11,
420,31,9,+8,1,1,1,1,+,+11,+11,
421,30,9,+8,1,1,1,1,+,+11,+11,
422,29,9,+8,1,1,1,1,+,+11,+11,
423,28,9,+8,1,1,1,1,+,+11,+11,
424,27,9,+8,1,1,1,1,+,+11,+11,
425,26,9,+8,1,1,1,1,+,+11,+11,
426,25,9,+8,1,1,1,1,+,+11,+11,
427,24,9,+8,1,1,1,1,+,+11,+11,
428,23,9,+8,1,1,1,1,+,+11,+11,
429,22,9,+8,1,1,1,1,+,+11,+11,
430,21,9,+8,1,1,1,1,+,+11,+11,
431,20,9,+8,1,1,1,1,+,+11,+11,
432,19,9,+8,1,1,1,1,+,+11,+11,
433,18,9,+8,1,1,1,1,+,+11,+11,
434,17,9,+8,1,1,1,1,+,+11,+11,
435,16,9,+8,1,1,1,1,+,+11,+11,
436,15,9,+8,1,1,1,1,+,+11,+11,
437,14,9,+8,1,1,1,1,+,+11,+11,
438,13,9,+8,1,1,1,1,+,+11,+11,
439,12,9,+8,1,1,1,1,+,+11,+11,
440,11,9,+8,1,1,1,1,+,+11,+11,
441,10,9,+8,1,1,1,1,+,+11,+11,
442,9,9,+8,1,1,1,1,+,+11,+11,
443,8,9,+8,1,1,1,1,+,+11,+11,
444,7,9,+8,1,1,1,1,+,+11,+11,
445,6,9,+8,1,1,1,1,+,+11,+11,
446,5,9,+8,1,1,1,1,+,+11,+11,
447,4,9,+8,1,1,1,1,+,+11,+11,
448,3,9,+8,1,1,1,1,+,+11,+11,
449,2,9,+8,1,1,1,1,+,+11,+11,
450,1,9,+8,1,1,1,1,+,+11,+11,
,,,,+11,1,,,+,,,line_switch
451,1,10,-8,1,1,1,1,-,+11,+11,
452,2,10,-8,1,1,1,1,-,-11,-11,
453,3,10,-8,1,1,1,1,-,-11,-11,
454,4,10,-8,1,1,1,1,-,-11,-11,
455,5,10,-8,1,1,1,1,-,-11,-11,
456,6,10,-8,1,1,1,1,-,-11,-11,
457,7,10,-8,1,1,1,1,-,-11,-11,
458,8,10,-8,1,1,1,1,-,-11,-11,
459,9,10,-8,1,1,1,1,-,-11,-11,
460,10,10,-8,1,1,1,1,-,-11,-11,
461,11,10,-8,1,1,1,1,-,-11,-11,
462,12,10,-8,1,1,1,1,-,-11,-11,
463,13,10,-8,1,1,1,1,-,-11,-11,
464,14,10,-8,1,1,1,1,-,-11,-11,
465,15,10,-8,1,1,1,1,-,-11,-11,
466,16,10,-8,1,1,1,1,-,-11,-11,
467,17,10,-8,1,1,1,1,-,-11,-11,
468,18,10,-8,1,1,1,1,-,-11,-11,
469,19,10,-8,1,1,1,1,-,-11,-11,
470,20,10,-8,1,1,1,1,-,-11,-11,
471,21,10,-8,1,1,1,1,-,-11,-11,
472,22,10,-8,1,1,1,1,-,-11,-11,
473,23,10,-8,1,1,1,1,-,-11,-11,
474,24,10,-8,1,1,1,1,-,-11,-11,
475,25,10,-8,1,1,1,1,-,-11,-11,
476,26,10,-8,1,1,1,1,-,-11,-11,
477,27,10,-8,1,1,1,1,-,-11,-11,
478,28,10,-8,1,1,1,1,-,-11,-11,
479,29,10,-8,1,1,1,1,-,-11,-11,
480,30,10,-8,1,1,1,1,-,-11,-11,
481,31,10,-8,1,1,1,1,-,-11,-11,
482,32,10,-8,1,1,1,1,-,-11,-11,
483,33,10,-8,1,1,1,1,-,-11,-11,
484,34,10,-8,1,1,1,1,-,-11,-11,
485,35,10,-8,1,1,1,1,-,-11,-11,
486,36,10,-8,1,1,1,1,-,-11,-11,
487,37,10,-8,1,1,1,1,-,-11,-11,
488,38,10,-8,1,1,1,1,-,-11,-11,
489,39,10,-8,1,1,1,1,-,-11,-11,
490,40,10,-8,1,1,1,1,-,-11,-11,
491,41,10,-8,1,1,1,1,-,-11,-11,
492,42,10,-8,1,1,1,1,-,-11,-11,
493,43,10,-8,1,1,1,1,-,-11,-11,
494,44,10,-8,1,1,1,1,-,-11,-11,
495,45,10,-8,1,1,1,1,-,-11,-11,
496,46,10,-8,1,1,1,1,-,-11,-11,
497,47,10,-8,1,1,1,1,-,-11,-11,
498,48,10,-8,1,1,1,1,-,-11,-11,
499,49,10,-8,1,1,1,1,-,-11,-11,
500,50,10,-8,1,1,1,1,-,-11,-11,
,,,,-11,1,,,-,,,line_switch
501,50,11,+8,1,1,1,1,+,-11,-11,
502,49,11,+8,1,1,1,1,+,+11,+11,
503,48,11,+8,1,1,1,1,+,+11,+11,
504,47,11,+8,1,1,1,1,+,+11,+11,
505,46,11,+8,1,1,1,1,+,+11,+11,
506,45,11,+8,1,1,1,1,+,+11,+11,
507,44,11,+8,1,1,1,1,+,+11,+11,
508,43,11,+8,1,1,1,1,+,+11,+11,
509,42,11,+8,1,1,1,1,+,+11,+11,
510,41,11,+8,1,1,1,1,+,+11,+11,
511,40,11,+8,1,1,1,1,+,+11,+11,
512,39,11,+8,1,1,1,1,+,+11,+11,
513,38,11,+8,1,1,1,1,+,+11,+11,
514,37,11,+8,1,1,1,1,+,+11,+11,
515,36,11,+8,1,1,1,1,+,+11,+11,
516,35,11,+8,1,1,1,1,+,+11,+11,
517,34,11,+8,1,1,1,1,+,+11,+11,
518,33,11,+8,1,1,1,1,+,+11,+11,
519,32,11,+8,1,1,1,1,+,+11,+11,
520,31,11,+8,1,1,1,1,+,+11,+11,
521,30,11,+8,1,1,1,1,+,+11,+11,
522,29,11,+8,1,1,1,1,+,+11,+11,
523,28,11,+8,1,1,1,1,+,+11,+11,
524,27,11,+8,1,1,1,1,+,+11,+11,
525,26,11,+8,1,1,1,1,+,+11,+11,
526,25,11,+8,1,1,1,1,+,+11,+11,
527,24,11,+8,1,1,1,1,+,+11,+11,
528,23,11,+8,1,1,1,1,+,+11,+11,
529,22,11,+8,1,1,1,1,+,+11,+11,
530,21,11,+8,1,1,1,1,+,+11,+11,
531,20,11,+8,1,1,1,1,+,+11,+11,
532,19,11,+8,1,1,1,1,+,+11,+11,
533,18,11,+8,1,1,1,1,+,+11,+11,
534,17,11,+8,1,1,1,1,+,+11,+11,
535,16,11,+8,1,1,1,1,+,+11,+11,
536,15,11,+8,1,1,1,1,+,+11,+11,
537,14,11,+8,1,1,1,1,+,+11,+11,
538,13,11,+8,1,1,1,1,+,+11,+11,
539,12,11,+8,1,1,1,1,+,+11,+11,
540,11,11,+8,1,1,1,1,+,+11,+11,
541,10,11,+8,1,1,1,1,+,+11,+11,
542,9,11,+8,1,1,1,1,+,+11,+11,
543,8,11,+8,1,1,1,1,+,+11,+11,
544,7,11,+8,1,1,1,1,+,+11,+11,
545,6,11,+8,1,1,1,1,+,+11,+11,
546,5,11,+8,1,1,1,1,+,+11,+11,
547,4,11,+8,1,1,1,1,+,+11,+11,
548,3,11,+8,1,1,1,1,+,+11,+11,
549,2,11,+8,1,1,1,1,+,+11,+11,
550,1,11,+8,1,1,1,1,+,+11,+11,
,,,,+11,1,,,+,,,line_switch
551,1,12,-8,1,1,1,1,-,+11,+11,
552,2,12,-8,1,1,1,1,-,-11,-11,
553,3,12,-8,1,1,1,1,-,-11,-11,
554,4,12,-8,1,1,1,1,-,-11,-11,
555,5,12,-8,1,1,1,1,-,-11,-11,
556,6,12,-8,1,1,1,1,-,-11,-11,
557,7,12,-8,1,1,1,1,-,-11,-11,
558,8,12,-8,1,1,1,1,-,-11,-11,
559,9,12,-8,1,1,1,1,-,-11,-11,
560,10,12,-8,1,1,1,1,-,-11,-11,
561,11,12,-8,1,1,1,1,-,-11,-11,
562,12,12,-8,1,1,1,1,-,-11,-11,
563,13,12,-8,1,1,1,1,-,-11,-11,
564,14,12,-8,1,1,1,1,-,-11,-11,
565,15,12,-8,1,1,1,1,-,-11,-11,
566,16,12,-8,1,1,1,1,-,-11,-11,
567,17,12,-8,1,1,1,1,-,-11,-11,
568,18,12,-8,1,1,1,1,-,-11,-11,
569,19,12,-8,1,1,1,1,-,-11,-11,
570,20,12,-8,1,1,1,1,-,-11,-11,
571,21,12,-8,1,1,1,1,-,-11,-11,
572,22,12,-8,1,1,1,1,-,-11,-11,
573,23,12,-8,1,1,1,1,-,-11,-11,
574,24,12,-8,1,1,1,1,-,-11,-11,
575,25,12,-8,1,1,1,1,-,-11,-11,
576,26,12,-8,1,1,1,1,-,-11,-11,
577,27,12,-8,1,1,1,1,-,-11,-11,
578,28,12,-8,1,1,1,1,-,-11,-11,
579,29,12,-8,1,1,1,1,-,-11,-11,
580,30,12,-8,1,1,1,1,-,-11,-11,
581,31,12,-8,1,1,1,1,-,-11,-11,
582,32,12,-8,1,1,1,1,-,-11,-11,
583,33,12,-8,1,1,1,1,-,-11,-11,
584,34,12,-8,1,1,1,1,-,-11,-11,
585,35,12,-8,1,1,1,1,-,-11,-11,
586,36,12,-8,1,1,1,1,-,-11,-11,
587,37,12,-8,1,1,1,1,-,-11,-11,
588,38,12,-8,1,1,1,1,-,-11,-11,
589,39,12,-8,1,1,1,1,-,-11,-11,
590,40,12,-8,1,1,1,1,-,-11,-11,
591,41,12,-8,1,1,1,1,-,-11,-11,
592,42,12,-8,1,1,1,1,-,-11,-11,
593,43,12,-8,1,1,1,1,-,-11,-11,
594,44,12,-8,1,1,1,1,-,-11,-11,
595,45,12,-8,1,1,1,1,-,-11,-11,
596,46,12,-8,1,1,1,1,-,-11,-11,
597,47,12,-8,1,1,1,1,-,-11,-11,
598,48,12,-8,1,1,1,1,-,-11,-11,
599,49,12,-8,1,1,1,1,-,-11,-11,
600,50,12,-8,1,1,1,1,-,-11,-11,
,,,,-11,1,,,-,,,line_switch
601,50,13,+8,1,1,1,1,+,-11,-11,
602,49,13,+8,1,1,1,1,+,+11,+11,
603,48,13,+8,1,1,1,1,+,+11,+11,
604,47,13,+8,1,1,1,1,+,+11,+11,
605,46,13,+8,1,1,1,1,+,+11,+11,
606,45,13,+8,1,1,1,1,+,+11,+11,
607,44,13,+8,1,1,1,1,+,+11,+11,
608,43,13,+8,1,1,1,1,+,+11,+11,
609,42,13,+8,1,1,1,1,+,+11,+11,
610,41,13,+8,1,1,1,1,+,+11,+11,
611,40,13,+8,1,1,1,1,+,+11,+11,
612,39,13,+8,1,1,1,1,+,+11,+11,
613,38,13,+8,1,1,1,1,+,+11,+11,
614,37,13,+8,1,1,1,1,+,+11,+11,
615,36,13,+8,1,1,1,1,+,+11,+11,
616,35,13,+8,1,1,1,1,+,+11,+11,
617,34,13,+8,1,1,1,1,+,+11,+11,
618,33,13,+8,1,1,1,1,+,+11,+11,
619,32,13,+8,1,1,1,1,+,+11,+11,
620,31,13,+8,1,1,1,1,+,+11,+11,
621,30,13,+8,1,1,1,1,+,+11,+11,
622,29,13,+8,1,1,1,1,+,+11,+11,
623,28,13,+8,1,1,1,1,+,+11,+11,
624,27,13,+8,1,1,1,1,+,+11,+11,
625,26,13,+8,1,1,1,1,+,+11,+11,
626,25,13,+8,1,1,1,1,+,+11,+11,
627,24,13,+8,1,1,1,1,+,+11,+11,
628,23,13,+8,1,1,1,1,+,+11,+11,
629,22,13,+8,1,1,1,1,+,+11,+11,
630,21,13,+8,1,1,1,1,+,+11,+11,
631,20,13,+8,1,1,1,1,+,+11,+11,
632,19,13,+8,1,1,1,1,+,+11,+11,
633,18,13,+8,1,1,1,1,+,+11,+11,
634,17,13,+8,1,1,1,1,+,+11,+11,
635,16,13,+8,1,1,1,1,+,+11,+11,
636,15,13,+8,1,1,1,1,+,+11,+11,
637,14,13,+8,1,1,1,1,+,+11,+11,
638,13,13,+8,1,1,1,1,+,+11,+11,
639,12,13,+8,1,1,1,1,+,+11,+11,
640,11,13,+8,1,1,1,1,+,+11,+11,
641,10,13,+8,1,1,1,1,+,+11,+11,
642,9,13,+8,1,1,1,1,+,+11,+11,
643,8,13,+8,1,1,1,1,+,+11,+11,
644,7,13,+8,1,1,1,1,+,+11,+11,
645,6,13,+8,1,1,1,1,+,+11,+11,
646,5,13,+8,1,1,1,1,+,+11,+11,
647,4,13,+8,1,1,1,1,+,+11,+11,
648,3,13,+8,1,1,1,1,+,+11,+11,
649,2,13,+8,1,1,1,1,+,+11,+11,
650,1,13,+8,1,1,1,1,+,+11,+11,
,,,,+11,1,,,+,,,line_switch
651,1,14,-8,1,1,1,1,-,+11,+11,
652,2,14,-8,1,1,1,1,-,-11,-11,
653,3,14,-8,1,1,1,1,-,-11,-11,
654,4,14,-8,1,1,1,1,-,-11,-11,
655,5,14,-8,1,1,1,1,-,-11,-11,
656,6,14,-8,1,1,1,1,-,-11,-11,
657,7,14,-8,1,1,1,1,-,-11,-11,
658,8,14,-8,1,1,1,1,-,-11,-11,
659,9,14,-8,1,1,1,1,-,-11,-11,
660,10,14,-8,1,1,1,1,-,-11,-11,
661,11,14,-8,1,1,1,1,-,-11,-11,
662,12,14,-8,1,1,1,1,-,-11,-11,
663,13,14,-8,1,1,1,1,-,-11,-11,
664,14,14,-8,1,1,1,1,-,-11,-11,
665,15,14,-8,1,1,1,1,-,-11,-11,
666,16,14,-8,1,1,1,1,-,-11,-11,
667,17,14,-8,1,1,1,1,-,-11,-11,
668,18,14,-8,1,1,1,1,-,-11,-11,
669,19,14,-8,1,1,1,1,-,-11,-11,
670,20,14,-8,1,1,1,1,-,-11,-11,
671,21,14,-8,1,1,1,1,-,-11,-11,
672,22,14,-8,1,1,1,1,-,-11,-11,
673,23,14,-8,1,1,1,1,-,-11,-11,
674,24,14,-8,1,1,1,1,-,-11,-11,
675,25,14,-8,1,1,1,1,-,-11,-11,
676,26,14,-8,1,1,1,1,-,-11,-11,
677,27,14,-8,1,1,1,1,-,-11,-11,
678,28,14,-8,1,1,1,1,-,-11,-11,
679,29,14,-8,1,1,1,1,-,-11,-11,
680,30,14,-8,1,1,1,1,-,-11,-11,
681,31,14,-8,1,1,1,1,-,-11,-11,
682,32,14,-8,1,1,1,1,-,-11,-11,
683,33,14,-8,1,1,1,1,-,-11,-11,
684,34,14,-8,1,1,1,1,-,-11,-11,
685,35,14,-8,1,1,1,1,-,-11,-11,
686,36,14,-8,1,1,1,1,-,-11,-11,
687,37,14,-8,1,1,1,1,-,-11,-11,
688,38,14,-8,1,1,1,1,-,-11,-11,
689,39,14,-8,1,1,1,1,-,-11,-11,
690,40,14,-8,1,1,1,1,-,-11,-11,
691,41,14,-8,1,1,1,1,-,-11,-11,
692,42,14,-8,1,1,1,1,-,-11,-11,
693,43,14,-8,1,1,1,1,-,-11,-11,
694,44,14,-8,1,1,1,1,-,-11,-11,
695,45,14,-8,1,1,1,1,-,-11,-11,
696,46,14,-8,1,1,1,1,-,-11,-11,
697,47,14,-8,1,1,1,1,-,-11,-11,
698,48,14,-8,1,1,1,1,-,-11,-11,
699,49,14,-8,1,1,1,1,-,-11,-11,
700,50,14,-8,1,1,1,1,-,-11,-11,
,,,,-11,1,,,-,,,line_switch
701,50,15,+8,1,1,1,1,+,-11,-11,
702,49,15,+8,1,1,1,1,+,+11,+11,
703,48,15,+8,1,1,1,1,+,+11,+11,
704,47,15,+8,1,1,1,1,+,+11,+11,
705,46,15,+8,1,1,1,1,+,+11,+11,
706,45,15,+8,1,1,1,1,+,+11,+11,
707,44,15,+8,1,1,1,1,+,+11,+11,
708,43,15,+8,1,1,1,1,+,+11,+11,
709,42,15,+8,1,1,1,1,+,+11,+11,
710,41,15,+8,1,1,1,1,+,+11,+11,
711,40,15,+8,1,1,1,1,+,+11,+11,
712,39,15,+8,1,1,1,1,+,+11,+11,
713,38,15,+8,1,1,1,1,+,+11,+11,
714,37,15,+8,1,1,1,1,+,+11,+11,
715,36,15,+8,1,1,1,1,+,+11,+11,
716,35,15,+8,1,1,1,1,+,+11,+11,
717,34,15,+8,1,1,1,1,+,+11,+11,
718,33,15,+8,1,1,1,1,+,+11,+11,
719,32,15,+8,1,1,1,1,+,+11,+11,
720,31,15,+8,1,1,1,1,+,+11,+11,
721,30,15,+8,1,1,1,1,+,+11,+11,
722,29,15,+8,1,1,1,1,+,+11,+11,
723,28,15,+8,1,1,1,1,+,+11,+11,
724,27,15,+8,1,1,1,1,+,+11,+11,
725,26,15,+8,1,1,1,1,+,+11,+11,
726,25,15,+8,1,1,1,1,+,+11,+11,
727,24,15,+8,1,1,1,1,+,+11,+11,
728,23,15,+8,1,1,1,1,+,+11,+11,
729,22,15,+8,1,1,1,1,+,+11,+11,
730,21,15,+8,1,1,1,1,+,+11,+11,
731,20,15,+8,1,1,1,1,+,+11,+11,
732,19,15,+8,1,1,1,1,+,+11,+11,
733,18,15,+8,1,1,1,1,+,+11,+11,
734,17,15,+8,1,1,1,1,+,+11,+11,
735,16,15,+8,1,1,1,1,+,+11,+11,
736,15,15,+8,1,1,1,1,+,+11,+11,
737,14,15,+8,1,1,1,1,+,+11,+11,
738,13,15,+8,1,1,1,1,+,+11,+11,
739,12,15,+8,1,1,1,1,+,+11,+11,
740,11,15,+8,1,1,1,1,+,+11,+11,
741,10,15,+8,1,1,1,1,+,+11,+11,
742,9,15,+8,1,1,1,1,+,+11,+11,
743,8,15,+8,1,1,1,1,+,+11,+11,
744,7,15,+8,1,1,1,1,+,+11,+11,
745,6,15,+8,1,1,1,1,+,+11,+11,
746,5,15,+8,1,1,1,1,+,+11,+11,
747,4,15,+8,1,1,1,1,+,+11,+11,
748,3,15,+8,1,1,1,1,+,+11,+11,
749,2,15,+8,1,1,1,1,+,+11,+11,
750,1,15,+8,1,1,1,1,+,+11,+11,
,,,,+11,1,,,+,,,line_switch
751,1,16,-8,1,1,1,1,-,+11,+11,
752,2,16,-8,1,1,1,1,-,-11,-11,
753,3,16,-8,1,1,1,1,-,-11,-11,
754,4,16,-8,1,1,1,1,-,-11,-11,
755,5,16,-8,1,1,1,1,-,-11,-11,
756,6,16,-8,1,1,1,1,-,-11,-11,
757,7,16,-8,1,1,1,1,-,-11,-11,
758,8,16,-8,1,1,1,1,-,-11,-11,
759,9,16,-8,1,1,1,1,-,-11,-11,
760,10,16,-8,1,1,1,1,-,-11,-11,
761,11,16,-8,1,1,1,1,-,-11,-11,
762,12,16,-8,1,1,1,1,-,-11,-11,
763,13,16,-8,1,1,1,1,-,-11,-11,
764,14,16,-8,1,1,1,1,-,-11,-11,
765,15,16,-8,1,1,1,1,-,-11,-11,
766,16,16,-8,1,1,1,1,-,-11,-11,
767,17,16,-8,1,1,1,1,-,-11,-11,
768,18,16,-8,1,1,1,1,-,-11,-11,
769,19,16,-8,1,1,1,1,-,-11,-11,
770,20,16,-8,1,1,1,1,-,-11,-11,
771,21,16,-8,1,1,1,1,-,-11,-11,
772,22,16,-8,1,1,1,1,-,-11,-11,
773,23,16,-8,1,1,1,1,-,-11,-11,
774,24,16,-8,1,1,1,1,-,-11,-11,
775,25,16,-8,1,1,1,1,-,-11,-11,
776,26,16,-8,1,1,1,1,-,-11,-11,
777,27,16,-8,1,1,1,1,-,-11,-11,
778,28,16,-8,1,1,1,1,-,-11,-11,
779,29,16,-8,1,1,1,1,-,-11,-11,
780,30,16,-8,1,1,1,1,-,-11,-11,
781,31,16,-8,1,1,1,1,-,-11,-11,
782,32,16,-8,1,1,1,1,-,-11,-11,
783,33,16,-8,1,1,1,1,-,-11,-11,
784,34,16,-8,1,1,1,1,-,-11,-11,
785,35,16,-8,1,1,1,1,-,-11,-11,
786,36,16,-8,1,1,1,1,-,-11,-11,
787,37,16,-8,1,1,1,1,-,-11,-11,
788,38,16,-8,1,1,1,1,-,-11,-11,
789,39,16,-8,1,1,1,1,-,-11,-11,
790,40,16,-8,1,1,1,1,-,-11,-11,
791,41,16,-8,1,1,1,1,-,-11,-11,
792,42,16,-8,1,1,1,1,-,-11,-11,
793,43,16,-8,1,1,1,1,-,-11,-11,
794,44,16,-8,1,1,1,1,-,-11,-11,
795,45,16,-8,1,1,1,1,-,-11,-11,
796,46,16,-8,1,1,1,1,-,-11,-11,
797,47,16,-8,1,1,1,1,-,-11,-11,
798,48,16,-8,1,1,1,1,-,-11,-11,
799,49,16,-8,1,1,1,1,-,-11,-11,
800,50,16,-8,1,1,1,1,-,-11,-11,
,,,,-11,1,,,-,,,line_switch
801,50,17,+8,1,1,1,1,+,-11,-11,
802,49,17,+8,1,1,1,1,+,+11,+11,
803,48,17,+8,1,1,1,1,+,+11,+11,
804,47,17,+8,1,1,1,1,+,+11,+11,
805,46,17,+8,1,1,1,1,+,+11,+11,
806,45,17,+8,1,1,1,1,+,+11,+11,
807,44,17,+8,1,1,1,1,+,+11,+11,
808,43,17,+8,1,1,1,1,+,+11,+11,
809,42,17,+8,1,1,1,1,+,+11,+11,
810,41,17,+8,1,1,1,1,+,+11,+11,
811,40,17,+8,1,1,1,1,+,+11,+11,
812,39,17,+8,1,1,1,1,+,+11,+11,
813,38,17,+8,1,1,1,1,+,+11,+11,
814,37,17,+8,1,1,1,1,+,+11,+11,
815,36,17,+8,1,1,1,1,+,+11,+11,
816,35,17,+8,1,1,1,1,+,+11,+11,
817,34,17,+8,1,1,1,1,+,+11,+11,
818,33,17,+8,1,1,1,1,+,+11,+11,
819,32,17,+8,1,1,1,1,+,+11,+11,
820,31,17,+8,1,1,1,1,+,+11,+11,
821,30,17,+8,1,1,1,1,+,+11,+11,
822,29,17,+8,1,1,1,1,+,+11,+11,
823,28,17,+8,1,1,1,1,+,+11,+11,
824,27,17,+8,1,1,1,1,+,+11,+11,
825,26,17,+8,1,1,1,1,+,+11,+11,
826,25,17,+8,1,1,1,1,+,+11,+11,
827,24,17,+8,1,1,1,1,+,+11,+11,
828,23,17,+8,1,1,1,1,+,+11,+11,
829,22,17,+8,1,1,1,1,+,+11,+11,
830,21,17,+8,1,1,1,1,+,+11,+11,
831,20,17,+8,1,1,1,1,+,+11,+11,
832,19,17,+8,1,1,1,1,+,+11,+11,
833,18,17,+8,1,1,1,1,+,+11,+11,
834,17,17,+8,1,1,1,1,+,+11,+11,
835,16,17,+8,1,1,1,1,+,+11,+11,
836,15,17,+8,1,1,1,1,+,+11,+11,
837,14,17,+8,1,1,1,1,+,+11,+11,
838,13,17,+8,1,1,1,1,+,+11,+11,
839,12,17,+8,1,1,1,1,+,+11,+11,
840,11,17,+8,1,1,1,1,+,+11,+11,
841,10,17,+8,1,1,1,1,+,+11,+11,
842,9,17,+8,1,1,1,1,+,+11,+11,
843,8,17,+8,1,1,1,1,+,+11,+11,
844,7,17,+8,1,1,1,1,+,+11,+11,
845,6,17,+8,1,1,1,1,+,+11,+11,
846,5,17,+8,1,1,1,1,+,+11,+11,
847,4,17,+8,1,1,1,1,+,+11,+11,
848,3,17,+8,1,1,1,1,+,+11,+11,
849,2,17,+8,1,1,1,1,+,+11,+11,
850,1,17,+8,1,1,1,1,+,+11,+11,
,,,,+11,1,,,+,,,line_switch
851,1,18,-8,1,1,1,1,-,+11,+11,
852,2,18,-8,1,1,1,1,-,-11,-11,
853,3,18,-8,1,1,1,1,-,-11,-11,
854,4,18,-8,1,1,1,1,-,-11,-11,
855,5,18,-8,1,1,1,1,-,-11,-11,
856,6,18,-8,1,1,1,1,-,-11,-11,
857,7,18,-8,1,1,1,1,-,-11,-11,
858,8,18,-8,1,1,1,1,-,-11,-11,
859,9,18,-8,1,1,1,1,-,-11,-11,
860,10,18,-8,1,1,1,1,-,-11,-11,
861,11,18,-8,1,1,1,1,-,-11,-11,
862,12,18,-8,1,1,1,1,-,-11,-11,
863,13,18,-8,1,1,1,1,-,-11,-11,
864,14,18,-8,1,1,1,1,-,-11,-11,
865,15,18,-8,1,1,1,1,-,-11,-11,
866,16,18,-8,1,1,1,1,-,-11,-11,
867,17,18,-8,1,1,1,1,-,-11,-11,
868,18,18,-8,1,1,1,1,-,-11,-11,
869,19,18,-8,1,1,1,1,-,-11,-11,
870,20,18,-8,1,1,1,1,-,-11,-11,
871,21,18,-8,1,1,1,1,-,-11,-11,
872,22,18,-8,1,1,1,1,-,-11,-11,
873,23,18,-8,1,1,1,1,-,-11,-11,
874,24,18,-8,1,1,1,1,-,-11,-11,
875,25,18,-8,1,1,1,1,-,-11,-11,
876,26,18,-8,1,1,1,1,-,-11,-11,
877,27,18,-8,1,1,1,1,-,-11,-11,
878,28,18,-8,1,1,1,1,-,-11,-11,
879,29,18,-8,1,1,1,1,-,-11,-11,
880,30,18,-8,1,1,1,1,-,-11,-11,
881,31,18,-8,1,1,1,1,-,-11,-11,
882,32,18,-8,1,1,1,1,-,-11,-11,
883,33,18,-8,1,1,1,1,-,-11,-11,
884,34,18,-8,1,1,1,1,-,-11,-11,
885,35,18,-8,1,1,1,1,-,-11,-11,
886,36,18,-8,1,1,1,1,-,-11,-11,
887,37,18,-8,1,1,1,1,-,-11,-11,
888,38,18,-8,1,1,1,1,-,-11,-11,
889,39,18,-8,1,1,1,1,-,-11,-11,
890,40,18,-8,1,1,1,1,-,-11,-11,
891,41,18,-8,1,1,1,1,-,-11,-11,
892,42,18,-8,1,1,1,1,-,-11,-11,
893,43,18,-8,1,1,1,1,-,-11,-11,
894,44,18,-8,1,1,1,1,-,-11,-11,
895,45,18,-8,1,1,1,1,-,-11,-11,
896,46,18,-8,1,1,1,1,-,-11,-11,
897,47,18,-8,1,1,1,1,-,-11,-11,
898,48,18,-8,1,1,1,1,-,-11,-11,
899,49,18,-8,1,1,1,1,-,-11,-11,
900,50,18,-8,1,1,1,1,-,-11,-11,
,,,,-11,1,,,-,,,line_switch
901,50,19,+8,1,1,1,1,+,-11,-11,
902,49,19,+8,1,1,1,1,+,+11,+11,
903,48,19,+8,1,1,1,1,+,+11,+11,
904,47,19,+8,1,1,1,1,+,+11,+11,
905,46,19,+8,1,1,1,1,+,+11,+11,
906,45,19,+8,1,1,1,1,+,+11,+11,
907,44,19,+8,1,1,1,1,+,+11,+11,
908,43,19,+8,1,1,1,1,+,+11,+11,
909,42,19,+8,1,1,1,1,+,+11,+11,
910,41,19,+8,1,1,1,1,+,+11,+11,
911,40,19,+8,1,1,1,1,+,+11,+11,
912,39,19,+8,1,1,1,1,+,+11,+11,
913,38,19,+8,1,1,1,1,+,+11,+11,
914,37,19,+8,1,1,1,1,+,+11,+11,
915,36,19,+8,1,1,1,1,+,+11,+11,
916,35,19,+8,1,1,1,1,+,+11,+11,
917,34,19,+8,1,1,1,1,+,+11,+11,
918,33,19,+8,1,1,1,1,+,+11,+11,
919,32,19,+8,1,1,1,1,+,+11,+11,
920,31,19,+8,1,1,1,1,+,+11,+11,
921,30,19,+8,1,1,1,1,+,+11,+11,
922,29,19,+8,1,1,1,1,+,+11,+11,
923,28,19,+8,1,1,1,1,+,+11,+11,
924,27,19,+8,1,1,1,1,+,+11,+11,
925,26,19,+8,1,1,1,1,+,+11,+11,
926,25,19,+8,1,1,1,1,+,+11,+11,
927,24,19,+8,1,1,1,1,+,+11,+11,
928,23,19,+8,1,1,1,1,+,+11,+11,
929,22,19,+8,1,1,1,1,+,+11,+11,
930,21,19,+8,1,1,1,1,+,+11,+11,
931,20,19,+8,1,1,1,1,+,+11,+11,
932,19,19,+8,1,1,1,1,+,+11,+11,
933,18,19,+8,1,1,1,1,+,+11,+11,
934,17,19,+8,1,1,1,1,+,+11,+11,
935,16,19,+8,1,1,1,1,+,+11,+11,
936,15,19,+8,1,1,1,1,+,+11,+11,
937,14,19,+8,1,1,1,1,+,+11,+11,
938,13,19,+8,1,1,1,1,+,+11,+11,
939,12,19,+8,1,1,1,1,+,+11,+11,
940,11,19,+8,1,1,1,1,+,+11,+11,
941,10,19,+8,1,1,1,1,+,+11,+11,
942,9,19,+8,1,1,1,1,+,+11,+11,
943,8,19,+8,1,1,1,1,+,+11,+11,
944,7,19,+8,1,1,1,1,+,+11,+11,
945,6,19,+8,1,1,1,1,+,+11,+11,
946,5,19,+8,1,1,1,1,+,+11,+11,
947,4,19,+8,1,1,1,1,+,+11,+11,
948,3,19,+8,1,1,1,1,+,+11,+11,
949,2,19,+8,1,1,1,1,+,+11,+11,
950,1,19,+8,1,1,1,1,+,+11,+11,
,,,,+11,1,,,+,,,line_switch
951,1,20,-8,1,1,1,1,-,+11,+11,
952,2,20,-8,1,1,1,1,-,-11,-11,
953,3,20,-8,1,1,1,1,-,-11,-11,
954,4,20,-8,1,1,1,1,-,-11,-11,
955,5,20,-8,1,1,1,1,-,-11,-11,
956,6,20,-8,1,1,1,1,-,-11,-11,
957,7,20,-8,1,1,1,1,-,-11,-11,
958,8,20,-8,1,1,1,1,-,-11,-11,
959,9,20,-8,1,1,1,1,-,-11,-11,
960,10,20,-8,1,1,1,1,-,-11,-11,
961,11,20,-8,1,1,1,1,-,-11,-11,
962,12,20,-8,1,1,1,1,-,-11,-11,
963,13,20,-8,1,1,1,1,-,-11,-11,
964,14,20,-8,1,1,1,1,-,-11,-11,
965,15,20,-8,1,1,1,1,-,-11,-11,
966,16,20,-8,1,1,1,1,-,-11,-11,
967,17,20,-8,1,1,1,1,-,-11,-11,
968,18,20,-8,1,1,1,1,-,-11,-11,
969,19,20,-8,1,1,1,1,-,-11,-11,
970,20,20,-8,1,1,1,1,-,-11,-11,
971,21,20,-8,1,1,1,1,-,-11,-11,
972,22,20,-8,1,1,1,1,-,-11,-11,
973,23,20,-8,1,1,1,1,-,-11,-11,
974,24,20,-8,1,1,1,1,-,-11,-11,
975,25,20,-8,1,1,1,1,-,-11,-11,
976,26,20,-8,1,1,1,1,-,-11,-11,
977,27,20,-8,1,1,1,1,-,-11,-11,
978,28,20,-8,1,1,1,1,-,-11,-11,
979,29,20,-8,1,1,1,1,-,-11,-11,
980,30,20,-8,1,1,1,1,-,-11,-11,
981,31,20,-8,1,1,1,1,-,-11,-11,
982,32,20,-8,1,1,1,1,-,-11,-11,
983,33,20,-8,1,1,1,1,-,-11,-11,
984,34,20,-8,1,1,1,1,-,-11,-11,
985,35,20,-8,1,1,1,1,-,-11,-11,
986,36,20,-8,1,1,1,1,-,-11,-11,
987,37,20,-8,1,1,1,1,-,-11,-11,
988,38,20,-8,1,1,1,1,-,-11,-11,
989,39,20,-8,1,1,1,1,-,-11,-11,
990,40,20,-8,1,1,1,1,-,-11,-11,
991,41,20,-8,1,1,1,1,-,-11,-11,
992,42,20,-8,1,1,1,1,-,-11,-11,
993,43,20,-8,1,1,1,1,-,-11,-11,
994,44,20,-8,1,1,1,1,-,-11,-11,
995,45,20,-8,1,1,1,1,-,-11,-11,
996,46,20,-8,1,1,1,1,-,-11,-11,
997,47,20,-8,1,1,1,1,-,-11,-11,
998,48,20,-8,1,1,1,1,-,-11,-11,
999,49,20,-8,1,1,1,1,-,-11,-11,
1000,50,20,-8,1,1,1,1,-,-11,-11,
,,,,-11,1,,,-,,,line_switch
1001,50,21,+8,1,1,1,1,+,-11,-11,
1002,49,21,+8,1,1,1,1,+,+11,+11,
1003,48,21,+8,1,1,1,1,+,+11,+11,
1004,47,21,+8,1,1,1,1,+,+11,+11,
1005,46,21,+8,1,1,1,1,+,+11,+11,
1006,45,21,+8,1,1,1,1,+,+11,+11,
1007,44,21,+8,1,1,1,1,+,+11,+11,
1008,43,21,+8,1,1,1,1,+,+11,+11,
1009,42,21,+8,1,1,1,1,+,+11,+11,
1010,41,21,+8,1,1,1,1,+,+11,+11,
1011,40,21,+8,1,1,1,1,+,+11,+11,
1012,39,21,+8,1,1,1,1,+,+11,+11,
1013,38,21,+8,1,1,1,1,+,+11,+11,
1014,37,21,+8,1,1,1,1,+,+11,+11,
1015,36,21,+8,1,1,1,1,+,+11,+11,
1016,35,21,+8,1,1,1,1,+,+11,+11,
1017,34,21,+8,1,1,1,1,+,+11,+11,
1018,33,21,+8,1,1,1,1,+,+11,+11,
1019,32,21,+8,1,1,1,1,+,+11,+11,
1020,31,21,+8,1,1,1,1,+,+11,+11,
1021,30,21,+8,1,1,1,1,+,+11,+11,
1022,29,21,+8,1,1,1,1,+,+11,+11,
1023,28,21,+8,1,1,1,1,+,+11,+11,
1024,27,21,+8,1,1,1,1,+,+11,+11,
1025,26,21,+8,1,1,1,1,+,+11,+11,
1026,25,21,+8,1,1,1,1,+,+11,+11,
1027,24,21,+8,1,1,1,1,+,+11,+11,
1028,23,21,+8,1,1,1,1,+,+11,+11,
1029,22,21,+8,1,1,1,1,+,+11,+11,
1030,21,21,+8,1,1,1,1,+,+11,+11,
1031,20,21,+8,1,1,1,1,+,+11,+11,
1032,19,21,+8,1,1,1,1,+,+11,+11,
1033,18,21,+8,1,1,1,1,+,+11,+11,
1034,17,21,+8,1,1,1,1,+,+11,+11,
1035,16,21,+8,1,1,1,1,+,+11,+11,
1036,15,21,+8,1,1,1,1,+,+11,+11,
1037,14,21,+8,1,1,1,1,+,+11,+11,
1038,13,21,+8,1,1,1,1,+,+11,+11,
1039,12,21,+8,1,1,1,1,+,+11,+11,
1040,11,21,+8,1,1,1,1,+,+11,+11,
1041,10,21,+8,1,1,1,1,+,+11,+11,
1042,9,21,+8,1,1,1,1,+,+11,+11,
1043,8,21,+8,1,1,1,1,+,+11,+11,
1044,7,21,+8,1,1,1,1,+,+11,+11,
1045,6,21,+8,1,1,1,1,+,+11,+11,
1046,5,21,+8,1,1,1,1,+,+11,+11,
1047,4,21,+8,1,1,1,1,+,+11,+11,
1048,3,21,+8,1,1,1,1,+,+11,+11,
1049,2,21,+8,1,1,1,1,+,+11,+11,
1050,1,21,+8,1,1,1,1,+,+11,+11,
,,,,+11,1,,,+,,,line_switch
1051,1,22,-8,1,1,1,1,-,+11,+11,
1052,2,22,-8,1,1,1,1,-,-11,-11,
1053,3,22,-8,1,1,1,1,-,-11,-11,
1054,4,22,-8,1,1,1,1,-,-11,-11,
1055,5,22,-8,1,1,1,1,-,-11,-11,
1056,6,22,-8,1,1,1,1,-,-11,-11,
1057,7,22,-8,1,1,1,1,-,-11,-11,
1058,8,22,-8,1,1,1,1,-,-11,-11,
1059,9,22,-8,1,1,1,1,-,-11,-11,
1060,10,22,-8,1,1,1,1,-,-11,-11,
1061,11,22,-8,1,1,1,1,-,-11,-11,
1062,12,22,-8,1,1,1,1,-,-11,-11,
1063,13,22,-8,1,1,1,1,-,-11,-11,
1064,14,22,-8,1,1,1,1,-,-11,-11,
1065,15,22,-8,1,1,1,1,-,-11,-11,
1066,16,22,-8,1,1,1,1,-,-11,-11,
1067,17,22,-8,1,1,1,1,-,-11,-11,
1068,18,22,-8,1,1,1,1,-,-11,-11,
1069,19,22,-8,1,1,1,1,-,-11,-11,
1070,20,22,-8,1,1,1,1,-,-11,-11,
1071,21,22,-8,1,1,1,1,-,-11,-11,
1072,22,22,-8,1,1,1,1,-,-11,-11,
1073,23,22,-8,1,1,1,1,-,-11,-11,
1074,24,22,-8,1,1,1,1,-,-11,-11,
1075,25,22,-8,1,1,1,1,-,-11,-11,
1076,26,22,-8,1,1,1,1,-,-11,-11,
1077,27,22,-8,1,1,1,1,-,-11,-11,
1078,28,22,-8,1,1,1,1,-,-11,-11,
1079,29,22,-8,1,1,1,1,-,-11,-11,
1080,30,22,-8,1,1,1,1,-,-11,-11,
1081,31,22,-8,1,1,1,1,-,-11,-11,
1082,32,22,-8,1,1,1,1,-,-11,-11,
1083,33,22,-8,1,1,1,1,-,-11,-11,
1084,34,22,-8,1,1,1,1,-,-11,-11,
1085,35,22,-8,1,1,1,1,-,-11,-11,
1086,36,22,-8,1,1,1,1,-,-11,-11,
1087,37,22,-8,1,1,1,1,-,-11,-11,
1088,38,22,-8,1,1,1,1,-,-11,-11,
1089,39,22,-8,1,1,1,1,-,-11,-11,
1090,40,22,-8,1,1,1,1,-,-11,-11,
1091,41,22,-8,1,1,1,1,-,-11,-11,
1092,42,22,-8,1,1,1,1,-,-11,-11,
1093,43,22,-8,1,1,1,1,-,-11,-11,
1094,44,22,-8,1,1,1,1,-,-11,-11,
1095,45,22,-8,1,1,1,1,-,-11,-11,
1096,46,22,-8,1,1,1,1,-,-11,-11,
1097,47,22,-8,1,1,1,1,-,-11,-11,
1098,48,22,-8,1,1,1,1,-,-11,-11,
1099,49,22,-8,1,1,1,1,-,-11,-11,
1100,50,22,-8,1,1,1,1,-,-11,-11,
,,,,-11,1,,,-,,,line_switch
1101,50,23,+8,1,1,1,1,+,-11,-11,
1102,49,23,+8,1,1,1,1,+,+11,+11,
1103,48,23,+8,1,1,1,1,+,+11,+11,
1104,47,23,+8,1,1,1,1,+,+11,+11,
1105,46,23,+8,1,1,1,1,+,+11,+11,
1106,45,23,+8,1,1,1,1,+,+11,+11,
1107,44,23,+8,1,1,1,1,+,+11,+11,
1108,43,23,+8,1,1,1,1,+,+11,+11,
1109,42,23,+8,1,1,1,1,+,+11,+11,
1110,41,23,+8,1,1,1,1,+,+11,+11,
1111,40,23,+8,1,1,1,1,+,+11,+11,
1112,39,23,+8,1,1,1,1,+,+11,+11,
1113,38,23,+8,1,1,1,1,+,+11,+11,
1114,37,23,+8,1,1,1,1,+,+11,+11,
1115,36,23,+8,1,1,1,1,+,+11,+11,
1116,35,23,+8,1,1,1,1,+,+11,+11,
1117,34,23,+8,1,1,1,1,+,+11,+11,
1118,33,23,+8,1,1,1,1,+,+11,+11,
1119,32,23,+8,1,1,1,1,+,+11,+11,
1120,31,23,+8,1,1,1,1,+,+11,+11,
1121,30,23,+8,1,1,1,1,+,+11,+11,
1122,29,23,+8,1,1,1,1,+,+11,+11,
1123,28,23,+8,1,1,1,1,+,+11,+11,
1124,27,23,+8,1,1,1,1,+,+11,+11,
1125,26,23,+8,1,1,1,1,+,+11,+11,
1126,25,23,+8,1,1,1,1,+,+11,+11,
1127,24,23,+8,1,1,1,1,+,+11,+11,
1128,23,23,+8,1,1,1,1,+,+11,+11,
1129,22,23,+8,1,1,1,1,+,+11,+11,
1130,21,23,+8,1,1,1,1,+,+11,+11,
1131,20,23,+8,1,1,1,1,+,+11,+11,
1132,19,23,+8,1,1,1,1,+,+11,+11,
1133,18,23,+8,1,1,1,1,+,+11,+11,
1134,17,23,+8,1,1,1,1,+,+11,+11,
1135,16,23,+8,1,1,1,1,+,+11,+11,
1136,15,23,+8,1,1,1,1,+,+11,+11,
1137,14,23,+8,1,1,1,1,+,+11,+11,
1138,13,23,+8,1,1,1,1,+,+11,+11,
1139,12,23,+8,1,1,1,1,+,+11,+11,
1140,11,23,+8,1,1,1,1,+,+11,+11,
1141,10,23,+8,1,1,1,1,+,+11,+11,
1142,9,23,+8,1,1,1,1,+,+11,+11,
1143,8,23,+8,1,1,1,1,+,+11,+11,
1144,7,23,+8,1,1,1,1,+,+11,+11,
1145,6,23,+8,1,1,1,1,+,+11,+11,
1146,5,23,+8,1,1,1,1,+,+11,+11,
1147,4,23,+8,1,1,1,1,+,+11,+11,
1148,3,23,+8,1,1,1,1,+,+11,+11,
1149,2,23,+8,1,1,1,1,+,+11,+11,
1150,1,23,+8,1,1,1,1,+,+11,+11,
,,,,+11,1,,,+,,,line_switch
1151,1,24,-8,1,1,1,1,-,+11,+11,
1152,2,24,-8,1,1,1,1,-,-11,-11,
1153,3,24,-8,1,1,1,1,-,-11,-11,
1154,4,24,-8,1,1,1,1,-,-11,-11,
1155,5,24,-8,1,1,1,1,-,-11,-11,
1156,6,24,-8,1,1,1,1,-,-11,-11,
1157,7,24,-8,1,1,1,1,-,-11,-11,
1158,8,24,-8,1,1,1,1,-,-11,-11,
1159,9,24,-8,1,1,1,1,-,-11,-11,
1160,10,24,-8,1,1,1,1,-,-11,-11,
1161,11,24,-8,1,1,1,1,-,-11,-11,
1162,12,24,-8,1,1,1,1,-,-11,-11,
1163,13,24,-8,1,1,1,1,-,-11,-11,
1164,14,24,-8,1,1,1,1,-,-11,-11,
1165,15,24,-8,1,1,1,1,-,-11,-11,
1166,16,24,-8,1,1,1,1,-,-11,-11,
1167,17,24,-8,1,1,1,1,-,-11,-11,
1168,18,24,-8,1,1,1,1,-,-11,-11,
1169,19,24,-8,1,1,1,1,-,-11,-11,
1170,20,24,-8,1,1,1,1,-,-11,-11,
1171,21,24,-8,1,1,1,1,-,-11,-11,
1172,22,24,-8,1,1,1,1,-,-11,-11,
1173,23,24,-8,1,1,1,1,-,-11,-11,
1174,24,24,-8,1,1,1,1,-,-11,-11,
1175,25,24,-8,1,1,1,1,-,-11,-11,
1176,26,24,-8,1,1,1,1,-,-11,-11,
1177,27,24,-8,1,1,1,1,-,-11,-11,
1178,28,24,-8,1,1,1,1,-,-11,-11,
1179,29,24,-8,1,1,1,1,-,-11,-11,
1180,30,24,-8,1,1,1,1,-,-11,-11,
1181,31,24,-8,1,1,1,1,-,-11,-11,
1182,32,24,-8,1,1,1,1,-,-11,-11,
1183,33,24,-8,1,1,1,1,-,-11,-11,
1184,34,24,-8,1,1,1,1,-,-11,-11,
1185,35,24,-8,1,1,1,1,-,-11,-11,
1186,36,24,-8,1,1,1,1,-,-11,-11,
1187,37,24,-8,1,1,1,1,-,-11,-11,
1188,38,24,-8,1,1,1,1,-,-11,-11,
1189,39,24,-8,1,1,1,1,-,-11,-11,
1190,40,24,-8,1,1,1,1,-,-11,-11,
1191,41,24,-8,1,1,1,1,-,-11,-11,
1192,42,24,-8,1,1,1,1,-,-11,-11,
1193,43,24,-8,1,1,1,1,-,-11,-11,
1194,44,24,-8,1,1,1,1,-,-11,-11,
1195,45,24,-8,1,1,1,1,-,-11,-11,
1196,46,24,-8,1,1,1,1,-,-11,-11,
1197,47,24,-8,1,1,1,1,-,-11,-11,
1198,48,24,-8,1,1,1,1,-,-11,-11,
1199,49,24,-8,1,1,1,1,-,-11,-11,
1200,50,24,-8,1,1,1,1,-,-11,-11,
,,,,-11,1,,,-,,,line_switch
1201,50,25,+8,1,1,1,1,+,-11,-11,
1202,49,25,+8,1,1,1,1,+,+11,+11,
1203,48,25,+8,1,1,1,1,+,+11,+11,
1204,47,25,+8,1,1,1,1,+,+11,+11,
1205,46,25,+8,1,1,1,1,+,+11,+11,
1206,45,25,+8,1,1,1,1,+,+11,+11,
1207,44,25,+8,1,1,1,1,+,+11,+11,
1208,43,25,+8,1,1,1,1,+,+11,+11,
1209,42,25,+8,1,1,1,1,+,+11,+11,
1210,41,25,+8,1,1,1,1,+,+11,+11,
1211,40,25,+8,1,1,1,1,+,+11,+11,
1212,39,25,+8,1,1,1,1,+,+11,+11,
1213,38,25,+8,1,1,1,1,+,+11,+11,
1214,37,25,+8,1,1,1,1,+,+11,+11,
1215,36,25,+8,1,1,1,1,+,+11,+11,
1216,35,25,+8,1,1,1,1,+,+11,+11,
1217,34,25,+8,1,1,1,1,+,+11,+11,
1218,33,25,+8,1,1,1,1,+,+11,+11,
1219,32,25,+8,1,1,1,1,+,+11,+11,
1220,31,25,+8,1,1,1,1,+,+11,+11,
1221,30,25,+8,1,1,1,1,+,+11,+11,
1222,29,25,+8,1,1,1,1,+,+11,+11,
1223,28,25,+8,1,1,1,1,+,+11,+11,
1224,27,25,+8,1,1,1,1,+,+11,+11,
1225,26,25,+8,1,1,1,1,+,+11,+11,
1226,25,25,+8,1,1,1,1,+,+11,+11,
1227,24,25,+8,1,1,1,1,+,+11,+11,
1228,23,25,+8,1,1,1,1,+,+11,+11,
1229,22,25,+8,1,1,1,1,+,+11,+11,
1230,21,25,+8,1,1,1,1,+,+11,+11,
1231,20,25,+8,1,1,1,1,+,+11,+11,
1232,19,25,+8,1,1,1,1,+,+11,+11,
1233,18,25,+8,1,1,1,1,+,+11,+11,
1234,17,25,+8,1,1,1,1,+,+11,+11,
1235,16,25,+8,1,1,1,1,+,+11,+11,
1236,15,25,+8,1,1,1,1,+,+11,+11,
1237,14,25,+8,1,1,1,1,+,+11,+11,
1238,13,25,+8,1,1,1,1,+,+11,+11,
1239,12,25,+8,1,1,1,1,+,+11,+11,
1240,11,25,+8,1,1,1,1,+,+11,+11,
1241,10,25,+8,1,1,1,1,+,+11,+11,
1242,9,25,+8,1,1,1,1,+,+11,+11,
1243,8,25,+8,1,1,1,1,+,+11,+11,
1244,7,25,+8,1,1,1,1,+,+11,+11,
1245,6,25,+8,1,1,1,1,+,+11,+11,
1246,5,25,+8,1,1,1,1,+,+11,+11,
1247,4,25,+8,1,1,1,1,+,+11,+11,
1248,3,25,+8,1,1,1,1,+,+11,+11,
1249,2,25,+8,1,1,1,1,+,+11,+11,
1250,1,25,+8,1,1,1,1,+,+11,+11,
,,,,+11,1,,,+,,,line_switch
1251,1,26,-8,1,1,1,1,-,+11,+11,
1252,2,26,-8,1,1,1,1,-,-11,-11,
1253,3,26,-8,1,1,1,1,-,-11,-11,
1254,4,26,-8,1,1,1,1,-,-11,-11,
1255,5,26,-8,1,1,1,1,-,-11,-11,
1256,6,26,-8,1,1,1,1,-,-11,-11,
1257,7,26,-8,1,1,1,1,-,-11,-11,
1258,8,26,-8,1,1,1,1,-,-11,-11,
1259,9,26,-8,1,1,1,1,-,-11,-11,
1260,10,26,-8,1,1,1,1,-,-11,-11,
1261,11,26,-8,1,1,1,1,-,-11,-11,
1262,12,26,-8,1,1,1,1,-,-11,-11,
1263,13,26,-8,1,1,1,1,-,-11,-11,
1264,14,26,-8,1,1,1,1,-,-11,-11,
1265,15,26,-8,1,1,1,1,-,-11,-11,
1266,16,26,-8,1,1,1,1,-,-11,-11,
1267,17,26,-8,1,1,1,1,-,-11,-11,
1268,18,26,-8,1,1,1,1,-,-11,-11,
1269,19,26,-8,1,1,1,1,-,-11,-11,
1270,20,26,-8,1,1,1,1,-,-11,-11,
1271,21,26,-8,1,1,1,1,-,-11,-11,
1272,22,26,-8,1,1,1,1,-,-11,-11,
1273,23,26,-8,1,1,1,1,-,-11,-11,
1274,24,26,-8,1,1,1,1,-,-11,-11,
1275,25,26,-8,1,1,1,1,-,-11,-11,
1276,26,26,-8,1,1,1,1,-,-11,-11,
1277,27,26,-8,1,1,1,1,-,-11,-11,
1278,28,26,-8,1,1,1,1,-,-11,-11,
1279,29,26,-8,1,1,1,1,-,-11,-11,
1280,30,26,-8,1,1,1,1,-,-11,-11,
1281,31,26,-8,1,1,1,1,-,-11,-11,
1282,32,26,-8,1,1,1,1,-,-11,-11,
1283,33,26,-8,1,1,1,1,-,-11,-11,
1284,34,26,-8,1,1,1,1,-,-11,-11,
1285,35,26,-8,1,1,1,1,-,-11,-11,
1286,36,26,-8,1,1,1,1,-,-11,-11,
1287,37,26,-8,1,1,1,1,-,-11,-11,
1288,38,26,-8,1,1,1,1,-,-11,-11,
1289,39,26,-8,1,1,1,1,-,-11,-11,
1290,40,26,-8,1,1,1,1,-,-11,-11,
1291,41,26,-8,1,1,1,1,-,-11,-11,
1292,42,26,-8,1,1,1,1,-,-11,-11,
1293,43,26,-8,1,1,1,1,-,-11,-11,
1294,44,26,-8,1,1,1,1,-,-11,-11,
1295,45,26,-8,1,1,1,1,-,-11,-11,
1296,46,26,-8,1,1,1,1,-,-11,-11,
1297,47,26,-8,1,1,1,1,-,-11,-11,
1298,48,26,-8,1,1,1,1,-,-11,-11,
1299,49,26,-8,1,1,1,1,-,-11,-11,
1300,50,26,-8,1,1,1,1,-,-11,-11,
,,,,-11,1,,,-,,,line_switch
1301,50,27,+8,1,1,1,1,+,-11,-11,
1302,49,27,+8,1,1,1,1,+,+11,+11,
1303,48,27,+8,1,1,1,1,+,+11,+11,
1304,47,27,+8,1,1,1,1,+,+11,+11,
1305,46,27,+8,1,1,1,1,+,+11,+11,
1306,45,27,+8,1,1,1,1,+,+11,+11,
1307,44,27,+8,1,1,1,1,+,+11,+11,
1308,43,27,+8,1,1,1,1,+,+11,+11,
1309,42,27,+8,1,1,1,1,+,+11,+11,
1310,41,27,+8,1,1,1,1,+,+11,+11,
1311,40,27,+8,1,1,1,1,+,+11,+11,
1312,39,27,+8,1,1,1,1,+,+11,+11,
1313,38,27,+8,1,1,1,1,+,+11,+11,
1314,37,27,+8,1,1,1,1,+,+11,+11,
1315,36,27,+8,1,1,1,1,+,+11,+11,
1316,35,27,+8,1,1,1,1,+,+11,+11,
1317,34,27,+8,1,1,1,1,+,+11,+11,
1318,33,27,+8,1,1,1,1,+,+11,+11,
1319,32,27,+8,1,1,1,1,+,+11,+11,
1320,31,27,+8,1,1,1,1,+,+11,+11,
1321,30,27,+8,1,1,1,1,+,+11,+11,
1322,29,27,+8,1,1,1,1,+,+11,+11,
1323,28,27,+8,1,1,1,1,+,+11,+11,
1324,27,27,+8,1,1,1,1,+,+11,+11,
1325,26,27,+8,1,1,1,1,+,+11,+11,
1326,25,27,+8,1,1,1,1,+,+11,+11,
1327,24,27,+8,1,1,1,1,+,+11,+11,
1328,23,27,+8,1,1,1,1,+,+11,+11,
1329,22,27,+8,1,1,1,1,+,+11,+11,
1330,21,27,+8,1,1,1,1,+,+11,+11,
1331,20,27,+8,1,1,1,1,+,+11,+11,
1332,19,27,+8,1,1,1,1,+,+11,+11,
1333,18,27,+8,1,1,1,1,+,+11,+11,
1334,17,27,+8,1,1,1,1,+,+11,+11,
1335,16,27,+8,1,1,1,1,+,+11,+11,
1336,15,27,+8,1,1,1,1,+,+11,+11,
1337,14,27,+8,1,1,1,1,+,+11,+11,
1338,13,27,+8,1,1,1,1,+,+11,+11,
1339,12,27,+8,1,1,1,1,+,+11,+11,
1340,11,27,+8,1,1,1,1,+,+11,+11,
1341,10,27,+8,1,1,1,1,+,+11,+11,
1342,9,27,+8,1,1,1,1,+,+11,+11,
1343,8,27,+8,1,1,1,1,+,+11,+11,
1344,7,27,+8,1,1,1,1,+,+11,+11,
1345,6,27,+8,1,1,1,1,+,+11,+11,
1346,5,27,+8,1,1,1,1,+,+11,+11,
1347,4,27,+8,1,1,1,1,+,+11,+11,
1348,3,27,+8,1,1,1,1,+,+11,+11,
1349,2,27,+8,1,1,1,1,+,+11,+11,
1350,1,27,+8,1,1,1,1,+,+11,+11,
,,,,+11,1,,,+,,,line_switch
1351,1,28,-8,1,1,1,1,-,+11,+11,
1352,2,28,-8,1,1,1,1,-,-11,-11,
1353,3,28,-8,1,1,1,1,-,-11,-11,
1354,4,28,-8,1,1,1,1,-,-11,-11,
1355,5,28,-8,1,1,1,1,-,-11,-11,
1356,6,28,-8,1,1,1,1,-,-11,-11,
1357,7,28,-8,1,1,1,1,-,-11,-11,
1358,8,28,-8,1,1,1,1,-,-11,-11,
1359,9,28,-8,1,1,1,1,-,-11,-11,
1360,10,28,-8,1,1,1,1,-,-11,-11,
1361,11,28,-8,1,1,1,1,-,-11,-11,
1362,12,28,-8,1,1,1,1,-,-11,-11,
1363,13,28,-8,1,1,1,1,-,-11,-11,
1364,14,28,-8,1,1,1,1,-,-11,-11,
1365,15,28,-8,1,1,1,1,-,-11,-11,
1366,16,28,-8,1,1,1,1,-,-11,-11,
1367,17,28,-8,1,1,1,1,-,-11,-11,
1368,18,28,-8,1,1,1,1,-,-11,-11,
1369,19,28,-8,1,1,1,1,-,-11,-11,
1370,20,28,-8,1,1,1,1,-,-11,-11,
1371,21,28,-8,1,1,1,1,-,-11,-11,
1372,22,28,-8,1,1,1,1,-,-11,-11,
1373,23,28,-8,1,1,1,1,-,-11,-11,
1374,24,28,-8,1,1,1,1,-,-11,-11,
1375,25,28,-8,1,1,1,1,-,-11,-11,
1376,26,28,-8,1,1,1,1,-,-11,-11,
1377,27,28,-8,1,1,1,1,-,-11,-11,
1378,28,28,-8,1,1,1,1,-,-11,-11,
1379,29,28,-8,1,1,1,1,-,-11,-11,
1380,30,28,-8,1,1,1,1,-,-11,-11,
1381,31,28,-8,1,1,1,1,-,-11,-11,
1382,32,28,-8,1,1,1,1,-,-11,-11,
1383,33,28,-8,1,1,1,1,-,-11,-11,
1384,34,28,-8,1,1,1,1,-,-11,-11,
1385,35,28,-8,1,1,1,1,-,-11,-11,
1386,36,28,-8,1,1,1,1,-,-11,-11,
1387,37,28,-8,1,1,1,1,-,-11,-11,
1388,38,28,-8,1,1,1,1,-,-11,-11,
1389,39,28,-8,1,1,1,1,-,-11,-11,
1390,40,28,-8,1,1,1,1,-,-11,-11,
1391,41,28,-8,1,1,1,1,-,-11,-11,
1392,42,28,-8,1,1,1,1,-,-11,-11,
1393,43,28,-8,1,1,1,1,-,-11,-11,
1394,44,28,-8,1,1,1,1,-,-11,-11,
1395,45,28,-8,1,1,1,1,-,-11,-11,
1396,46,28,-8,1,1,1,1,-,-11,-11,
1397,47,28,-8,1,1,1,1,-,-11,-11,
1398,48,28,-8,1,1,1,1,-,-11,-11,
1399,49,28,-8,1,1,1,1,-,-11,-11,
1400,50,28,-8,1,1,1,1,-,-11,-11,
,,,,-11,1,,,-,,,line_switch
1401,50,29,+8,1,1,1,1,+,-11,-11,
1402,49,29,+8,1,1,1,1,+,+11,+11,
1403,48,29,+8,1,1,1,1,+,+11,+11,
1404,47,29,+8,1,1,1,1,+,+11,+11,
1405,46,29,+8,1,1,1,1,+,+11,+11,
1406,45,29,+8,1,1,1,1,+,+11,+11,
1407,44,29,+8,1,1,1,1,+,+11,+11,
1408,43,29,+8,1,1,1,1,+,+11,+11,
1409,42,29,+8,1,1,1,1,+,+11,+11,
1410,41,29,+8,1,1,1,1,+,+11,+11,
1411,40,29,+8,1,1,1,1,+,+11,+11,
1412,39,29,+8,1,1,1,1,+,+11,+11,
1413,38,29,+8,1,1,1,1,+,+11,+11,
1414,37,29,+8,1,1,1,1,+,+11,+11,
1415,36,29,+8,1,1,1,1,+,+11,+11,
1416,35,29,+8,1,1,1,1,+,+11,+11,
1417,34,29,+8,1,1,1,1,+,+11,+11,
1418,33,29,+8,1,1,1,1,+,+11,+11,
1419,32,29,+8,1,1,1,1,+,+11,+11,
1420,31,29,+8,1,1,1,1,+,+11,+11,
1421,30,29,+8,1,1,1,1,+,+11,+11,
1422,29,29,+8,1,1,1,1,+,+11,+11,
1423,28,29,+8,1,1,1,1,+,+11,+11,
1424,27,29,+8,1,1,1,1,+,+11,+11,
1425,26,29,+8,1,1,1,1,+,+11,+11,
1426,25,29,+8,1,1,1,1,+,+11,+11,
1427,24,29,+8,1,1,1,1,+,+11,+11,
1428,23,29,+8,1,1,1,1,+,+11,+11,
1429,22,29,+8,1,1,1,1,+,+11,+11,
1430,21,29,+8,1,1,1,1,+,+11,+11,
1431,20,29,+8,1,1,1,1,+,+11,+11,
1432,19,29,+8,1,1,1,1,+,+11,+11,
1433,18,29,+8,1,1,1,1,+,+11,+11,
1434,17,29,+8,1,1,1,1,+,+11,+11,
1435,16,29,+8,1,1,1,1,+,+11,+11,
1436,15,29,+8,1,1,1,1,+,+11,+11,
1437,14,29,+8,1,1,1,1,+,+11,+11,
1438,13,29,+8,1,1,1,1,+,+11,+11,
1439,12,29,+8,1,1,1,1,+,+11,+11,
1440,11,29,+8,1,1,1,1,+,+11,+11,
1441,10,29,+8,1,1,1,1,+,+11,+11,
1442,9,29,+8,1,1,1,1,+,+11,+11,
1443,8,29,+8,1,1,1,1,+,+11,+11,
1444,7,29,+8,1,1,1,1,+,+11,+11,
1445,6,29,+8,1,1,1,1,+,+11,+11,
1446,5,29,+8,1,1,1,1,+,+11,+11,
1447,4,29,+8,1,1,1,1,+,+11,+11,
1448,3,29,+8,1,1,1,1,+,+11,+11,
1449,2,29,+8,1,1,1,1,+,+11,+11,
1450,1,29,+8,1,1,1,1,+,+11,+11,
,,,,+11,1,,,+,,,line_switch
1451,1,30,-8,1,1,1,1,-,+11,+11,
1452,2,30,-8,1,1,1,1,-,-11,-11,
1453,3,30,-8,1,1,1,1,-,-11,-11,
1454,4,30,-8,1,1,1,1,-,-11,-11,
1455,5,30,-8,1,1,1,1,-,-11,-11,
1456,6,30,-8,1,1,1,1,-,-11,-11,
1457,7,30,-8,1,1,1,1,-,-11,-11,
1458,8,30,-8,1,1,1,1,-,-11,-11,
1459,9,30,-8,1,1,1,1,-,-11,-11,
1460,10,30,-8,1,1,1,1,-,-11,-11,
1461,11,30,-8,1,1,1,1,-,-11,-11,
1462,12,30,-8,1,1,1,1,-,-11,-11,
1463,13,30,-8,1,1,1,1,-,-11,-11,
1464,14,30,-8,1,1,1,1,-,-11,-11,
1465,15,30,-8,1,1,1,1,-,-11,-11,
1466,16,30,-8,1,1,1,1,-,-11,-11,
1467,17,30,-8,1,1,1,1,-,-11,-11,
1468,18,30,-8,1,1,1,1,-,-11,-11,
1469,19,30,-8,1,1,1,1,-,-11,-11,
1470,20,30,-8,1,1,1,1,-,-11,-11,
1471,21,30,-8,1,1,1,1,-,-11,-11,
1472,22,30,-8,1,1,1,1,-,-11,-11,
1473,23,30,-8,1,1,1,1,-,-11,-11,
1474,24,30,-8,1,1,1,1,-,-11,-11,
1475,25,30,-8,1,1,1,1,-,-11,-11,
1476,26,30,-8,1,1,1,1,-,-11,-11,
1477,27,30,-8,1,1,1,1,-,-11,-11,
1478,28,30,-8,1,1,1,1,-,-11,-11,
1479,29,30,-8,1,1,1,1,-,-11,-11,
1480,30,30,-8,1,1,1,1,-,-11,-11,
1481,31,30,-8,1,1,1,1,-,-11,-11,
1482,32,30,-8,1,1,1,1,-,-11,-11,
1483,33,30,-8,1,1,1,1,-,-11,-11,
1484,34,30,-8,1,1,1,1,-,-11,-11,
1485,35,30,-8,1,1,1,1,-,-11,-11,
1486,36,30,-8,1,1,1,1,-,-11,-11,
1487,37,30,-8,1,1,1,1,-,-11,-11,
1488,38,30,-8,1,1,1,1,-,-11,-11,
1489,39,30,-8,1,1,1,1,-,-11,-11,
1490,40,30,-8,1,1,1,1,-,-11,-11,
1491,41,30,-8,1,1,1,1,-,-11,-11,
1492,42,30,-8,1,1,1,1,-,-11,-11,
1493,43,30,-8,1,1,1,1,-,-11,-11,
1494,44,30,-8,1,1,1,1,-,-11,-11,
1495,45,30,-8,1,1,1,1,-,-11,-11,
1496,46,30,-8,1,1,1,1,-,-11,-11,
1497,47,30,-8,1,1,1,1,-,-11,-11,
1498,48,30,-8,1,1,1,1,-,-11,-11,
1499,49,30,-8,1,1,1,1,-,-11,-11,
1500,50,30,-8,1,1,1,1,-,-11,-11,
,,,,-11,1,,,-,,,line_switch
1501,50,31,+8,1,1,1,1,+,-11,-11,
1502,49,31,+8,1,1,1,1,+,+11,+11,
1503,48,31,+8,1,1,1,1,+,+11,+11,
1504,47,31,+8,1,1,1,1,+,+11,+11,
1505,46,31,+8,1,1,1,1,+,+11,+11,
1506,45,31,+8,1,1,1,1,+,+11,+11,
1507,44,31,+8,1,1,1,1,+,+11,+11,
1508,43,31,+8,1,1,1,1,+,+11,+11,
1509,42,31,+8,1,1,1,1,+,+11,+11,
1510,41,31,+8,1,1,1,1,+,+11,+11,
1511,40,31,+8,1,1,1,1,+,+11,+11,
1512,39,31,+8,1,1,1,1,+,+11,+11,
1513,38,31,+8,1,1,1,1,+,+11,+11,
1514,37,31,+8,1,1,1,1,+,+11,+11,
1515,36,31,+8,1,1,1,1,+,+11,+11,
1516,35,31,+8,1,1,1,1,+,+11,+11,
1517,34,31,+8,1,1,1,1,+,+11,+11,
1518,33,31,+8,1,1,1,1,+,+11,+11,
1519,32,31,+8,1,1,1,1,+,+11,+11,
1520,31,31,+8,1,1,1,1,+,+11,+11,
1521,30,31,+8,1,1,1,1,+,+11,+11,
1522,29,31,+8,1,1,1,1,+,+11,+11,
1523,28,31,+8,1,1,1,1,+,+11,+11,
1524,27,31,+8,1,1,1,1,+,+11,+11,
1525,26,31,+8,1,1,1,1,+,+11,+11,
1526,25,31,+8,1,1,1,1,+,+11,+11,
1527,24,31,+8,1,1,1,1,+,+11,+11,
1528,23,31,+8,1,1,1,1,+,+11,+11,
1529,22,31,+8,1,1,1,1,+,+11,+11,
1530,21,31,+8,1,1,1,1,+,+11,+11,
1531,20,31,+8,1,1,1,1,+,+11,+11,
1532,19,31,+8,1,1,1,1,+,+11,+11,
1533,18,31,+8,1,1,1,1,+,+11,+11,
1534,17,31,+8,1,1,1,1,+,+11,+11,
1535,16,31,+8,1,1,1,1,+,+11,+11,
1536,15,31,+8,1,1,1,1,+,+11,+11,
1537,14,31,+8,1,1,1,1,+,+11,+11,
1538,13,31,+8,1,1,1,1,+,+11,+11,
1539,12,31,+8,1,1,1,1,+,+11,+11,
1540,11,31,+8,1,1,1,1,+,+11,+11,
1541,10,31,+8,1,1,1,1,+,+11,+11,
1542,9,31,+8,1,1,1,1,+,+11,+11,
1543,8,31,+8,1,1,1,1,+,+11,+11,
1544,7,31,+8,1,1,1,1,+,+11,+11,
1545,6,31,+8,1,1,1,1,+,+11,+11,
1546,5,31,+8,1,1,1,1,+,+11,+11,
1547,4,31,+8,1,1,1,1,+,+11,+11,
1548,3,31,+8,1,1,1,1,+,+11,+11,
1549,2,31,+8,1,1,1,1,+,+11,+11,
1550,1,31,+8,1,1,1,1,+,+11,+11,
,,,,+11,1,,,+,,,line_switch
1551,1,32,-8,1,1,1,1,-,+11,+11,
1552,2,32,-8,1,1,1,1,-,-11,-11,
1553,3,32,-8,1,1,1,1,-,-11,-11,
1554,4,32,-8,1,1,1,1,-,-11,-11,
1555,5,32,-8,1,1,1,1,-,-11,-11,
1556,6,32,-8,1,1,1,1,-,-11,-11,
1557,7,32,-8,1,1,1,1,-,-11,-11,
1558,8,32,-8,1,1,1,1,-,-11,-11,
1559,9,32,-8,1,1,1,1,-,-11,-11,
1560,10,32,-8,1,1,1,1,-,-11,-11,
1561,11,32,-8,1,1,1,1,-,-11,-11,
1562,12,32,-8,1,1,1,1,-,-11,-11,
1563,13,32,-8,1,1,1,1,-,-11,-11,
1564,14,32,-8,1,1,1,1,-,-11,-11,
1565,15,32,-8,1,1,1,1,-,-11,-11,
1566,16,32,-8,1,1,1,1,-,-11,-11,
1567,17,32,-8,1,1,1,1,-,-11,-11,
1568,18,32,-8,1,1,1,1,-,-11,-11,
1569,19,32,-8,1,1,1,1,-,-11,-11,
1570,20,32,-8,1,1,1,1,-,-11,-11,
1571,21,32,-8,1,1,1,1,-,-11,-11,
1572,22,32,-8,1,1,1,1,-,-11,-11,
1573,23,32,-8,1,1,1,1,-,-11,-11,
1574,24,32,-8,1,1,1,1,-,-11,-11,
1575,25,32,-8,1,1,1,1,-,-11,-11,
1576,26,32,-8,1,1,1,1,-,-11,-11,
1577,27,32,-8,1,1,1,1,-,-11,-11,
1578,28,32,-8,1,1,1,1,-,-11,-11,
1579,29,32,-8,1,1,1,1,-,-11,-11,
1580,30,32,-8,1,1,1,1,-,-11,-11,
1581,31,32,-8,1,1,1,1,-,-11,-11,
1582,32,32,-8,1,1,1,1,-,-11,-11,
1583,33,32,-8,1,1,1,1,-,-11,-11,
1584,34,32,-8,1,1,1,1,-,-11,-11,
1585,35,32,-8,1,1,1,1,-,-11,-11,
1586,36,32,-8,1,1,1,1,-,-11,-11,
1587,37,32,-8,1,1,1,1,-,-11,-11,
1588,38,32,-8,1,1,1,1,-,-11,-11,
1589,39,32,-8,1,1,1,1,-,-11,-11,
1590,40,32,-8,1,1,1,1,-,-11,-11,
1591,41,32,-8,1,1,1,1,-,-11,-11,
1592,42,32,-8,1,1,1,1,-,-11,-11,
1593,43,32,-8,1,1,1,1,-,-11,-11,
1594,44,32,-8,1,1,1,1,-,-11,-11,
1595,45,32,-8,1,1,1,1,-,-11,-11,
1596,46,32,-8,1,1,1,1,-,-11,-11,
1597,47,32,-8,1,1,1,1,-,-11,-11,
1598,48,32,-8,1,1,1,1,-,-11,-11,
1599,49,32,-8,1,1,1,1,-,-11,-11,
1600,50,32,-8,1,1,1,1,-,-11,-11,
,,,,-11,1,,,-,,,line_switch
1601,50,33,+8,1,1,1,1,+,-11,-11,
1602,49,33,+8,1,1,1,1,+,+11,+11,
1603,48,33,+8,1,1,1,1,+,+11,+11,
1604,47,33,+8,1,1,1,1,+,+11,+11,
1605,46,33,+8,1,1,1,1,+,+11,+11,
1606,45,33,+8,1,1,1,1,+,+11,+11,
1607,44,33,+8,1,1,1,1,+,+11,+11,
1608,43,33,+8,1,1,1,1,+,+11,+11,
1609,42,33,+8,1,1,1,1,+,+11,+11,
1610,41,33,+8,1,1,1,1,+,+11,+11,
1611,40,33,+8,1,1,1,1,+,+11,+11,
1612,39,33,+8,1,1,1,1,+,+11,+11,
1613,38,33,+8,1,1,1,1,+,+11,+11,
1614,37,33,+8,1,1,1,1,+,+11,+11,
1615,36,33,+8,1,1,1,1,+,+11,+11,
1616,35,33,+8,1,1,1,1,+,+11,+11,
1617,34,33,+8,1,1,1,1,+,+11,+11,
1618,33,33,+8,1,1,1,1,+,+11,+11,
1619,32,33,+8,1,1,1,1,+,+11,+11,
1620,31,33,+8,1,1,1,1,+,+11,+11,
1621,30,33,+8,1,1,1,1,+,+11,+11,
1622,29,33,+8,1,1,1,1,+,+11,+11,
1623,28,33,+8,1,1,1,1,+,+11,+11,
1624,27,33,+8,1,1,1,1,+,+11,+11,
1625,26,33,+8,1,1,1,1,+,+11,+11,
1626,25,33,+8,1,1,1,1,+,+11,+11,
1627,24,33,+8,1,1,1,1,+,+11,+11,
1628,23,33,+8,1,1,1,1,+,+11,+11,
1629,22,33,+8,1,1,1,1,+,+11,+11,
1630,21,33,+8,1,1,1,1,+,+11,+11,
1631,20,33,+8,1,1,1,1,+,+11,+11,
1632,19,33,+8,1,1,1,1,+,+11,+11,
1633,18,33,+8,1,1,1,1,+,+11,+11,
1634,17,33,+8,1,1,1,1,+,+11,+11,
1635,16,33,+8,1,1,1,1,+,+11,+11,
1636,15,33,+8,1,1,1,1,+,+11,+11,
1637,14,33,+8,1,1,1,1,+,+11,+11,
1638,13,33,+8,1,1,1,1,+,+11,+11,
1639,12,33,+8,1,1,1,1,+,+11,+11,
1640,11,33,+8,1,1,1,1,+,+11,+11,
1641,10,33,+8,1,1,1,1,+,+11,+11,
1642,9,33,+8,1,1,1,1,+,+11,+11,
1643,8,33,+8,1,1,1,1,+,+11,+11,
1644,7,33,+8,1,1,1,1,+,+11,+11,
1645,6,33,+8,1,1,1,1,+,+11,+11,
1646,5,33,+8,1,1,1,1,+,+11,+11,
1647,4,33,+8,1,1,1,1,+,+11,+11,
1648,3,33,+8,1,1,1,1,+,+11,+11,
1649,2,33,+8,1,1,1,1,+,+11,+11,
1650,1,33,+8,1,1,1,1,+,+11,+11,
,,,,+11,1,,,+,,,line_switch
1651,1,34,-8,1,1,1,1,-,+11,+11,
1652,2,34,-8,1,1,1,1,-,-11,-11,
1653,3,34,-8,1,1,1,1,-,-11,-11,
1654,4,34,-8,1,1,1,1,-,-11,-11,
1655,5,34,-8,1,1,1,1,-,-11,-11,
1656,6,34,-8,1,1,1,1,-,-11,-11,
1657,7,34,-8,1,1,1,1,-,-11,-11,
1658,8,34,-8,1,1,1,1,-,-11,-11,
1659,9,34,-8,1,1,1,1,-,-11,-11,
1660,10,34,-8,1,1,1,1,-,-11,-11,
1661,11,34,-8,1,1,1,1,-,-11,-11,
1662,12,34,-8,1,1,1,1,-,-11,-11,
1663,13,34,-8,1,1,1,1,-,-11,-11,
1664,14,34,-8,1,1,1,1,-,-11,-11,
1665,15,34,-8,1,1,1,1,-,-11,-11,
1666,16,34,-8,1,1,1,1,-,-11,-11,
1667,17,34,-8,1,1,1,1,-,-11,-11,
1668,18,34,-8,1,1,1,1,-,-11,-11,
1669,19,34,-8,1,1,1,1,-,-11,-11,
1670,20,34,-8,1,1,1,1,-,-11,-11,
1671,21,34,-8,1,1,1,1,-,-11,-11,
1672,22,34,-8,1,1,1,1,-,-11,-11,
1673,23,34,-8,1,1,1,1,-,-11,-11,
1674,24,34,-8,1,1,1,1,-,-11,-11,
1675,25,34,-8,1,1,1,1,-,-11,-11,
1676,26,34,-8,1,1,1,1,-,-11,-11,
1677,27,34,-8,1,1,1,1,-,-11,-11,
1678,28,34,-8,1,1,1,1,-,-11,-11,
1679,29,34,-8,1,1,1,1,-,-11,-11,
1680,30,34,-8,1,1,1,1,-,-11,-11,
1681,31,34,-8,1,1,1,1,-,-11,-11,
1682,32,34,-8,1,1,1,1,-,-11,-11,
1683,33,34,-8,1,1,1,1,-,-11,-11,
1684,34,34,-8,1,1,1,1,-,-11,-11,
1685,35,34,-8,1,1,1,1,-,-11,-11,
1686,36,34,-8,1,1,1,1,-,-11,-11,
1687,37,34,-8,1,1,1,1,-,-11,-11,
1688,38,34,-8,1,1,1,1,-,-11,-11,
1689,39,34,-8,1,1,1,1,-,-11,-11,
1690,40,34,-8,1,1,1,1,-,-11,-11,
1691,41,34,-8,1,1,1,1,-,-11,-11,
1692,42,34,-8,1,1,1,1,-,-11,-11,
1693,43,34,-8,1,1,1,1,-,-11,-11,
1694,44,34,-8,1,1,1,1,-,-11,-11,
1695,45,34,-8,1,1,1,1,-,-11,-11,
1696,46,34,-8,1,1,1,1,-,-11,-11,
1697,47,34,-8,1,1,1,1,-,-11,-11,
1698,48,34,-8,1,1,1,1,-,-11,-11,
1699,49,34,-8,1,1,1,1,-,-11,-11,
1700,50,34,-8,1,1,1,1,-,-11,-11,
,,,,-11,1,,,-,,,line_switch
1701,50,35,+8,1,1,1,1,+,-11,-11,
1702,49,35,+8,1,1,1,1,+,+11,+11,
1703,48,35,+8,1,1,1,1,+,+11,+11,
1704,47,35,+8,1,1,1,1,+,+11,+11,
1705,46,35,+8,1,1,1,1,+,+11,+11,
1706,45,35,+8,1,1,1,1,+,+11,+11,
1707,44,35,+8,1,1,1,1,+,+11,+11,
1708,43,35,+8,1,1,1,1,+,+11,+11,
1709,42,35,+8,1,1,1,1,+,+11,+11,
1710,41,35,+8,1,1,1,1,+,+11,+11,
1711,40,35,+8,1,1,1,1,+,+11,+11,
1712,39,35,+8,1,1,1,1,+,+11,+11,
1713,38,35,+8,1,1,1,1,+,+11,+11,
1714,37,35,+8,1,1,1,1,+,+11,+11,
1715,36,35,+8,1,1,1,1,+,+11,+11,
1716,35,35,+8,1,1,1,1,+,+11,+11,
1717,34,35,+8,1,1,1,1,+,+11,+11,
1718,33,35,+8,1,1,1,1,+,+11,+11,
1719,32,35,+8,1,1,1,1,+,+11,+11,
1720,31,35,+8,1,1,1,1,+,+11,+11,
1721,30,35,+8,1,1,1,1,+,+11,+11,
1722,29,35,+8,1,1,1,1,+,+11,+11,
1723,28,35,+8,1,1,1,1,+,+11,+11,
1724,27,35,+8,1,1,1,1,+,+11,+11,
1725,26,35,+8,1,1,1,1,+,+11,+11,
1726,25,35,+8,1,1,1,1,+,+11,+11,
1727,24,35,+8,1,1,1,1,+,+11,+11,
1728,23,35,+8,1,1,1,1,+,+11,+11,
1729,22,35,+8,1,1,1,1,+,+11,+11,
1730,21,35,+8,1,1,1,1,+,+11,+11,
1731,20,35,+8,1,1,1,1,+,+11,+11,
1732,19,35,+8,1,1,1,1,+,+11,+11,
1733,18,35,+8,1,1,1,1,+,+11,+11,
1734,17,35,+8,1,1,1,1,+,+11,+11,
1735,16,35,+8,1,1,1,1,+,+11,+11,
1736,15,35,+8,1,1,1,1,+,+11,+11,
1737,14,35,+8,1,1,1,1,+,+11,+11,
1738,13,35,+8,1,1,1,1,+,+11,+11,
1739,12,35,+8,1,1,1,1,+,+11,+11,
1740,11,35,+8,1,1,1,1,+,+11,+11,
1741,10,35,+8,1,1,1,1,+,+11,+11,
1742,9,35,+8,1,1,1,1,+,+11,+11,
1743,8,35,+8,1,1,1,1,+,+11,+11,
1744,7,35,+8,1,1,1,1,+,+11,+11,
1745,6,35,+8,1,1,1,1,+,+11,+11,
1746,5,35,+8,1,1,1,1,+,+11,+11,
1747,4,35,+8,1,1,1,1,+,+11,+11,
1748,3,35,+8,1,1,1,1,+,+11,+11,
1749,2,35,+8,1,1,1,1,+,+11,+11,
1750,1,35,+8,1,1,1,1,+,+11,+11,
,,,,+11,1,,,+,,,line_switch
1751,1,36,-8,1,1,1,1,-,+11,+11,
1752,2,36,-8,1,1,1,1,-,-11,-11,
1753,3,36,-8,1,1,1,1,-,-11,-11,
1754,4,36,-8,1,1,1,1,-,-11,-11,
1755,5,36,-8,1,1,1,1,-,-11,-11,
1756,6,36,-8,1,1,1,1,-,-11,-11,
1757,7,36,-8,1,1,1,1,-,-11,-11,
1758,8,36,-8,1,1,1,1,-,-11,-11,
1759,9,36,-8,1,1,1,1,-,-11,-11,
1760,10,36,-8,1,1,1,1,-,-11,-11,
1761,11,36,-8,1,1,1,1,-,-11,-11,
1762,12,36,-8,1,1,1,1,-,-11,-11,
1763,13,36,-8,1,1,1,1,-,-11,-11,
1764,14,36,-8,1,1,1,1,-,-11,-11,
1765,15,36,-8,1,1,1,1,-,-11,-11,
1766,16,36,-8,1,1,1,1,-,-11,-11,
1767,17,36,-8,1,1,1,1,-,-11,-11,
1768,18,36,-8,1,1,1,1,-,-11,-11,
1769,19,36,-8,1,1,1,1,-,-11,-11,
1770,20,36,-8,1,1,1,1,-,-11,-11,
1771,21,36,-8,1,1,1,1,-,-11,-11,
1772,22,36,-8,1,1,1,1,-,-11,-11,
1773,23,36,-8,1,1,1,1,-,-11,-11,
1774,24,36,-8,1,1,1,1,-,-11,-11,
1775,25,36,-8,1,1,1,1,-,-11,-11,
1776,26,36,-8,1,1,1,1,-,-11,-11,
1777,27,36,-8,1,1,1,1,-,-11,-11,
1778,28,36,-8,1,1,1,1,-,-11,-11,
1779,29,36,-8,1,1,1,1,-,-11,-11,
1780,30,36,-8,1,1,1,1,-,-11,-11,
1781,31,36,-8,1,1,1,1,-,-11,-11,
1782,32,36,-8,1,1,1,1,-,-11,-11,
1783,33,36,-8,1,1,1,1,-,-11,-11,
1784,34,36,-8,1,1,1,1,-,-11,-11,
1785,35,36,-8,1,1,1,1,-,-11,-11,
1786,36,36,-8,1,1,1,1,-,-11,-11,
1787,37,36,-8,1,1,1,1,-,-11,-11,
1788,38,36,-8,1,1,1,1,-,-11,-11,
1789,39,36,-8,1,1,1,1,-,-11,-11,
1790,40,36,-8,1,1,1,1,-,-11,-11,
1791,41,36,-8,1,1,1,1,-,-11,-11,
1792,42,36,-8,1,1,1,1,-,-11,-11,
1793,43,36,-8,1,1,1,1,-,-11,-11,
1794,44,36,-8,1,1,1,1,-,-11,-11,
1795,45,36,-8,1,1,1,1,-,-11,-11,
1796,46,36,-8,1,1,1,1,-,-11,-11,
1797,47,36,-8,1,1,1,1,-,-11,-11,
1798,48,36,-8,1,1,1,1,-,-11,-11,
1799,49,36,-8,1,1,1,1,-,-11,-11,
1800,50,36,-8,1,1,1,1,-,-11,-11,
,,,,-11,1,,,-,,,line_switch
1801,50,37,+8,1,1,1,1,+,-11,-11,
1802,49,37,+8,1,1,1,1,+,+11,+11,
1803,48,37,+8,1,1,1,1,+,+11,+11,
1804,47,37,+8,1,1,1,1,+,+11,+11,
1805,46,37,+8,1,1,1,1,+,+11,+11,
1806,45,37,+8,1,1,1,1,+,+11,+11,
1807,44,37,+8,1,1,1,1,+,+11,+11,
1808,43,37,+8,1,1,1,1,+,+11,+11,
1809,42,37,+8,1,1,1,1,+,+11,+11,
1810,41,37,+8,1,1,1,1,+,+11,+11,
1811,40,37,+8,1,1,1,1,+,+11,+11,
1812,39,37,+8,1,1,1,1,+,+11,+11,
1813,38,37,+8,1,1,1,1,+,+11,+11,
1814,37,37,+8,1,1,1,1,+,+11,+11,
1815,36,37,+8,1,1,1,1,+,+11,+11,
1816,35,37,+8,1,1,1,1,+,+11,+11,
1817,34,37,+8,1,1,1,1,+,+11,+11,
1818,33,37,+8,1,1,1,1,+,+11,+11,
1819,32,37,+8,1,1,1,1,+,+11,+11,
1820,31,37,+8,1,1,1,1,+,+11,+11,
1821,30,37,+8,1,1,1,1,+,+11,+11,
1822,29,37,+8,1,1,1,1,+,+11,+11,
1823,28,37,+8,1,1,1,1,+,+11,+11,
1824,27,37,+8,1,1,1,1,+,+11,+11,
1825,26,37,+8,1,1,1,1,+,+11,+11,
1826,25,37,+8,1,1,1,1,+,+11,+11,
1827,24,37,+8,1,1,1,1,+,+11,+11,
1828,23,37,+8,1,1,1,1,+,+11,+11,
1829,22,37,+8,1,1,1,1,+,+11,+11,
1830,21,37,+8,1,1,1,1,+,+11,+11,
1831,20,37,+8,1,1,1,1,+,+11,+11,
1832,19,37,+8,1,1,1,1,+,+11,+11,
1833,18,37,+8,1,1,1,1,+,+11,+11,
1834,17,37,+8,1,1,1,1,+,+11,+11,
1835,16,37,+8,1,1,1,1,+,+11,+11,
1836,15,37,+8,1,1,1,1,+,+11,+11,
1837,14,37,+8,1,1,1,1,+,+11,+11,
1838,13,37,+8,1,1,1,1,+,+11,+11,
1839,12,37,+8,1,1,1,1,+,+11,+11,
1840,11,37,+8,1,1,1,1,+,+11,+11,
1841,10,37,+8,1,1,1,1,+,+11,+11,
1842,9,37,+8,1,1,1,1,+,+11,+11,
1843,8,37,+8,1,1,1,1,+,+11,+11,
1844,7,37,+8,1,1,1,1,+,+11,+11,
1845,6,37,+8,1,1,1,1,+,+11,+11,
1846,5,37,+8,1,1,1,1,+,+11,+11,
1847,4,37,+8,1,1,1,1,+,+11,+11,
1848,3,37,+8,1,1,1,1,+,+11,+11,
1849,2,37,+8,1,1,1,1,+,+11,+11,
1850,1,37,+8,1,1,1,1,+,+11,+11,
,,,,+11,1,,,+,,,line_switch
1851,1,38,-8,1,1,1,1,-,+11,+11,
1852,2,38,-8,1,1,1,1,-,-11,-11,
1853,3,38,-8,1,1,1,1,-,-11,-11,
1854,4,38,-8,1,1,1,1,-,-11,-11,
1855,5,38,-8,1,1,1,1,-,-11,-11,
1856,6,38,-8,1,1,1,1,-,-11,-11,
1857,7,38,-8,1,1,1,1,-,-11,-11,
1858,8,38,-8,1,1,1,1,-,-11,-11,
1859,9,38,-8,1,1,1,1,-,-11,-11,
1860,10,38,-8,1,1,1,1,-,-11,-11,
1861,11,38,-8,1,1,1,1,-,-11,-11,
1862,12,38,-8,1,1,1,1,-,-11,-11,
1863,13,38,-8,1,1,1,1,-,-11,-11,
1864,14,38,-8,1,1,1,1,-,-11,-11,
1865,15,38,-8,1,1,1,1,-,-11,-11,
1866,16,38,-8,1,1,1,1,-,-11,-11,
1867,17,38,-8,1,1,1,1,-,-11,-11,
1868,18,38,-8,1,1,1,1,-,-11,-11,
1869,19,38,-8,1,1,1,1,-,-11,-11,
1870,20,38,-8,1,1,1,1,-,-11,-11,
1871,21,38,-8,1,1,1,1,-,-11,-11,
1872,22,38,-8,1,1,1,1,-,-11,-11,
1873,23,38,-8,1,1,1,1,-,-11,-11,
1874,24,38,-8,1,1,1,1,-,-11,-11,
1875,25,38,-8,1,1,1,1,-,-11,-11,
1876,26,38,-8,1,1,1,1,-,-11,-11,
1877,27,38,-8,1,1,1,1,-,-11,-11,
1878,28,38,-8,1,1,1,1,-,-11,-11,
1879,29,38,-8,1,1,1,1,-,-11,-11,
1880,30,38,-8,1,1,1,1,-,-11,-11,
1881,31,38,-8,1,1,1,1,-,-11,-11,
1882,32,38,-8,1,1,1,1,-,-11,-11,
1883,33,38,-8,1,1,1,1,-,-11,-11,
1884,34,38,-8,1,1,1,1,-,-11,-11,
1885,35,38,-8,1,1,1,1,-,-11,-11,
1886,36,38,-8,1,1,1,1,-,-11,-11,
1887,37,38,-8,1,1,1,1,-,-11,-11,
1888,38,38,-8,1,1,1,1,-,-11,-11,
1889,39,38,-8,1,1,1,1,-,-11,-11,
1890,40,38,-8,1,1,1,1,-,-11,-11,
1891,41,38,-8,1,1,1,1,-,-11,-11,
1892,42,38,-8,1,1,1,1,-,-11,-11,
1893,43,38,-8,1,1,1,1,-,-11,-11,
1894,44,38,-8,1,1,1,1,-,-11,-11,
1895,45,38,-8,1,1,1,1,-,-11,-11,
1896,46,38,-8,1,1,1,1,-,-11,-11,
1897,47,38,-8,1,1,1,1,-,-11,-11,
1898,48,38,-8,1,1,1,1,-,-11,-11,
1899,49,38,-8,1,1,1,1,-,-11,-11,
1900,50,38,-8,1,1,1,1,-,-11,-11,
,,,,-11,1,,,-,,,line_switch
1901,50,39,+8,1,1,1,1,+,-11,-11,
1902,49,39,+8,1,1,1,1,+,+11,+11,
1903,48,39,+8,1,1,1,1,+,+11,+11,
1904,47,39,+8,1,1,1,1,+,+11,+11,
1905,46,39,+8,1,1,1,1,+,+11,+11,
1906,45,39,+8,1,1,1,1,+,+11,+11,
1907,44,39,+8,1,1,1,1,+,+11,+11,
1908,43,39,+8,1,1,1,1,+,+11,+11,
1909,42,39,+8,1,1,1,1,+,+11,+11,
1910,41,39,+8,1,1,1,1,+,+11,+11,
1911,40,39,+8,1,1,1,1,+,+11,+11,
1912,39,39,+8,1,1,1,1,+,+11,+11,
1913,38,39,+8,1,1,1,1,+,+11,+11,
1914,37,39,+8,1,1,1,1,+,+11,+11,
1915,36,39,+8,1,1,1,1,+,+11,+11,
1916,35,39,+8,1,1,1,1,+,+11,+11,
1917,34,39,+8,1,1,1,1,+,+11,+11,
1918,33,39,+8,1,1,1,1,+,+11,+11,
1919,32,39,+8,1,1,1,1,+,+11,+11,
1920,31,39,+8,1,1,1,1,+,+11,+11,
1921,30,39,+8,1,1,1,1,+,+11,+11,
1922,29,39,+8,1,1,1,1,+,+11,+11,
1923,28,39,+8,1,1,1,1,+,+11,+11,
1924,27,39,+8,1,1,1,1,+,+11,+11,
1925,26,39,+8,1,1,1,1,+,+11,+11,
1926,25,39,+8,1,1,1,1,+,+11,+11,
1927,24,39,+8,1,1,1,1,+,+11,+11,
1928,23,39,+8,1,1,1,1,+,+11,+11,
1929,22,39,+8,1,1,1,1,+,+11,+11,
1930,21,39,+8,1,1,1,1,+,+11,+11,
1931,20,39,+8,1,1,1,1,+,+11,+11,
1932,19,39,+8,1,1,1,1,+,+11,+11,
1933,18,39,+8,1,1,1,1,+,+11,+11,
1934,17,39,+8,1,1,1,1,+,+11,+11,
1935,16,39,+8,1,1,1,1,+,+11,+11,
1936,15,39,+8,1,1,1,1,+,+11,+11,
1937,14,39,+8,1,1,1,1,+,+11,+11,
1938,13,39,+8,1,1,1,1,+,+11,+11,
1939,12,39,+8,1,1,1,1,+,+11,+11,
1940,11,39,+8,1,1,1,1,+,+11,+11,
1941,10,39,+8,1,1,1,1,+,+11,+11,
1942,9,39,+8,1,1,1,1,+,+11,+11,
1943,8,39,+8,1,1,1,1,+,+11,+11,
1944,7,39,+8,1,1,1,1,+,+11,+11,
1945,6,39,+8,1,1,1,1,+,+11,+11,
1946,5,39,+8,1,1,1,1,+,+11,+11,
1947,4,39,+8,1,1,1,1,+,+11,+11,
1948,3,39,+8,1,1,1,1,+,+11,+11,
1949,2,39,+8,1,1,1,1,+,+11,+11,
1950,1,39,+8,1,1,1,1,+,+11,+11,
,,,,+11,1,,,+,,,line_switch
1951,1,40,-8,1,1,1,1,-,+11,+11,
1952,2,40,-8,1,1,1,1,-,-11,-11,
1953,3,40,-8,1,1,1,1,-,-11,-11,
1954,4,40,-8,1,1,1,1,-,-11,-11,
1955,5,40,-8,1,1,1,1,-,-11,-11,
1956,6,40,-8,1,1,1,1,-,-11,-11,
1957,7,40,-8,1,1,1,1,-,-11,-11,
1958,8,40,-8,1,1,1,1,-,-11,-11,
1959,9,40,-8,1,1,1,1,-,-11,-11,
1960,10,40,-8,1,1,1,1,-,-11,-11,
1961,11,40,-8,1,1,1,1,-,-11,-11,
1962,12,40,-8,1,1,1,1,-,-11,-11,
1963,13,40,-8,1,1,1,1,-,-11,-11,
1964,14,40,-8,1,1,1,1,-,-11,-11,
1965,15,40,-8,1,1,1,1,-,-11,-11,
1966,16,40,-8,1,1,1,1,-,-11,-11,
1967,17,40,-8,1,1,1,1,-,-11,-11,
1968,18,40,-8,1,1,1,1,-,-11,-11,
1969,19,40,-8,1,1,1,1,-,-11,-11,
1970,20,40,-8,1,1,1,1,-,-11,-11,
1971,21,40,-8,1,1,1,1,-,-11,-11,
1972,22,40,-8,1,1,1,1,-,-11,-11,
1973,23,40,-8,1,1,1,1,-,-11,-11,
1974,24,40,-8,1,1,1,1,-,-11,-11,
1975,25,40,-8,1,1,1,1,-,-11,-11,
1976,26,40,-8,1,1,1,1,-,-11,-11,
1977,27,40,-8,1,1,1,1,-,-11,-11,
1978,28,40,-8,1,1,1,1,-,-11,-11,
1979,29,40,-8,1,1,1,1,-,-11,-11,
1980,30,40,-8,1,1,1,1,-,-11,-11,
1981,31,40,-8,1,1,1,1,-,-11,-11,
1982,32,40,-8,1,1,1,1,-,-11,-11,
1983,33,40,-8,1,1,1,1,-,-11,-11,
1984,34,40,-8,1,1,1,1,-,-11,-11,
1985,35,40,-8,1,1,1,1,-,-11,-11,
1986,36,40,-8,1,1,1,1,-,-11,-11,
1987,37,40,-8,1,1,1,1,-,-11,-11,
1988,38,40,-8,1,1,1,1,-,-11,-11,
1989,39,40,-8,1,1,1,1,-,-11,-11,
1990,40,40,-8,1,1,1,1,-,-11,-11,
1991,41,40,-8,1,1,1,1,-,-11,-11,
1992,42,40,-8,1,1,1,1,-,-11,-11,
1993,43,40,-8,1,1,1,1,-,-11,-11,
1994,44,40,-8,1,1,1,1,-,-11,-11,
1995,45,40,-8,1,1,1,1,-,-11,-11,
1996,46,40,-8,1,1,1,1,-,-11,-11,
1997,47,40,-8,1,1,1,1,-,-11,-11,
1998,48,40,-8,1,1,1,1,-,-11,-11,
1999,49,40,-8,1,1,1,1,-,-11,-11,
2000,50,40,-8,1,1,1,1,-,-11,-11,
,,,,-11,1,,,-,,,line_switch
2001,50,41,+8,1,1,1,1,+,-11,-11,
2002,49,41,+8,1,1,1,1,+,+11,+11,
2003,48,41,+8,1,1,1,1,+,+11,+11,
2004,47,41,+8,1,1,1,1,+,+11,+11,
2005,46,41,+8,1,1,1,1,+,+11,+11,
2006,45,41,+8,1,1,1,1,+,+11,+11,
2007,44,41,+8,1,1,1,1,+,+11,+11,
2008,43,41,+8,1,1,1,1,+,+11,+11,
2009,42,41,+8,1,1,1,1,+,+11,+11,
2010,41,41,+8,1,1,1,1,+,+11,+11,
2011,40,41,+8,1,1,1,1,+,+11,+11,
2012,39,41,+8,1,1,1,1,+,+11,+11,
2013,38,41,+8,1,1,1,1,+,+11,+11,
2014,37,41,+8,1,1,1,1,+,+11,+11,
2015,36,41,+8,1,1,1,1,+,+11,+11,
2016,35,41,+8,1,1,1,1,+,+11,+11,
2017,34,41,+8,1,1,1,1,+,+11,+11,
2018,33,41,+8,1,1,1,1,+,+11,+11,
2019,32,41,+8,1,1,1,1,+,+11,+11,
2020,31,41,+8,1,1,1,1,+,+11,+11,
2021,30,41,+8,1,1,1,1,+,+11,+11,
2022,29,41,+8,1,1,1,1,+,+11,+11,
2023,28,41,+8,1,1,1,1,+,+11,+11,
2024,27,41,+8,1,1,1,1,+,+11,+11,
2025,26,41,+8,1,1,1,1,+,+11,+11,
2026,25,41,+8,1,1,1,1,+,+11,+11,
2027,24,41,+8,1,1,1,1,+,+11,+11,
2028,23,41,+8,1,1,1,1,+,+11,+11,
2029,22,41,+8,1,1,1,1,+,+11,+11,
2030,21,41,+8,1,1,1,1,+,+11,+11,
2031,20,41,+8,1,1,1,1,+,+11,+11,
2032,19,41,+8,1,1,1,1,+,+11,+11,
2033,18,41,+8,1,1,1,1,+,+11,+11,
2034,17,41,+8,1,1,1,1,+,+11,+11,
2035,16,41,+8,1,1,1,1,+,+11,+11,
2036,15,41,+8,1,1,1,1,+,+11,+11,
2037,14,41,+8,1,1,1,1,+,+11,+11,
2038,13,41,+8,1,1,1,1,+,+11,+11,
2039,12,41,+8,1,1,1,1,+,+11,+11,
2040,11,41,+8,1,1,1,1,+,+11,+11,
2041,10,41,+8,1,1,1,1,+,+11,+11,
2042,9,41,+8,1,1,1,1,+,+11,+11,
2043,8,41,+8,1,1,1,1,+,+11,+11,
2044,7,41,+8,1,1,1,1,+,+11,+11,
2045,6,41,+8,1,1,1,1,+,+11,+11,
2046,5,41,+8,1,1,1,1,+,+11,+11,
2047,4,41,+8,1,1,1,1,+,+11,+11,
2048,3,41,+8,1,1,1,1,+,+11,+11,
2049,2,41,+8,1,1,1,1,+,+11,+11,
2050,1,41,+8,1,1,1,1,+,+11,+11,
,,,,+11,1,,,+,,,line_switch
2051,1,42,-8,1,1,1,1,-,+11,+11,
2052,2,42,-8,1,1,1,1,-,-11,-11,
2053,3,42,-8,1,1,1,1,-,-11,-11,
2054,4,42,-8,1,1,1,1,-,-11,-11,
2055,5,42,-8,1,1,1,1,-,-11,-11,
2056,6,42,-8,1,1,1,1,-,-11,-11,
2057,7,42,-8,1,1,1,1,-,-11,-11,
2058,8,42,-8,1,1,1,1,-,-11,-11,
2059,9,42,-8,1,1,1,1,-,-11,-11,
2060,10,42,-8,1,1,1,1,-,-11,-11,
2061,11,42,-8,1,1,1,1,-,-11,-11,
2062,12,42,-8,1,1,1,1,-,-11,-11,
2063,13,42,-8,1,1,1,1,-,-11,-11,
2064,14,42,-8,1,1,1,1,-,-11,-11,
2065,15,42,-8,1,1,1,1,-,-11,-11,
2066,16,42,-8,1,1,1,1,-,-11,-11,
2067,17,42,-8,1,1,1,1,-,-11,-11,
2068,18,42,-8,1,1,1,1,-,-11,-11,
2069,19,42,-8,1,1,1,1,-,-11,-11,
2070,20,42,-8,1,1,1,1,-,-11,-11,
2071,21,42,-8,1,1,1,1,-,-11,-11,
2072,22,42,-8,1,1,1,1,-,-11,-11,
2073,23,42,-8,1,1,1,1,-,-11,-11,
2074,24,42,-8,1,1,1,1,-,-11,-11,
2075,25,42,-8,1,1,1,1,-,-11,-11,
2076,26,42,-8,1,1,1,1,-,-11,-11,
2077,27,42,-8,1,1,1,1,-,-11,-11,
2078,28,42,-8,1,1,1,1,-,-11,-11,
2079,29,42,-8,1,1,1,1,-,-11,-11,
2080,30,42,-8,1,1,1,1,-,-11,-11,
2081,31,42,-8,1,1,1,1,-,-11,-11,
2082,32,42,-8,1,1,1,1,-,-11,-11,
2083,33,42,-8,1,1,1,1,-,-11,-11,
2084,34,42,-8,1,1,1,1,-,-11,-11,
2085,35,42,-8,1,1,1,1,-,-11,-11,
2086,36,42,-8,1,1,1,1,-,-11,-11,
2087,37,42,-8,1,1,1,1,-,-11,-11,
2088,38,42,-8,1,1,1,1,-,-11,-11,
2089,39,42,-8,1,1,1,1,-,-11,-11,
2090,40,42,-8,1,1,1,1,-,-11,-11,
2091,41,42,-8,1,1,1,1,-,-11,-11,
2092,42,42,-8,1,1,1,1,-,-11,-11,
2093,43,42,-8,1,1,1,1,-,-11,-11,
2094,44,42,-8,1,1,1,1,-,-11,-11,
2095,45,42,-8,1,1,1,1,-,-11,-11,
2096,46,42,-8,1,1,1,1,-,-11,-11,
2097,47,42,-8,1,1,1,1,-,-11,-11,
2098,48,42,-8,1,1,1,1,-,-11,-11,
2099,49,42,-8,1,1,1,1,-,-11,-11,
2100,50,42,-8,1,1,1,1,-,-11,-11,
,,,,-11,1,,,-,,,line_switch
2101,50,43,+8,1,1,1,1,+,-11,-11,
2102,49,43,+8,1,1,1,1,+,+11,+11,
2103,48,43,+8,1,1,1,1,+,+11,+11,
2104,47,43,+8,1,1,1,1,+,+11,+11,
2105,46,43,+8,1,1,1,1,+,+11,+11,
2106,45,43,+8,1,1,1,1,+,+11,+11,
2107,44,43,+8,1,1,1,1,+,+11,+11,
2108,43,43,+8,1,1,1,1,+,+11,+11,
2109,42,43,+8,1,1,1,1,+,+11,+11,
2110,41,43,+8,1,1,1,1,+,+11,+11,
2111,40,43,+8,1,1,1,1,+,+11,+11,
2112,39,43,+8,1,1,1,1,+,+11,+11,
2113,38,43,+8,1,1,1,1,+,+11,+11,
2114,37,43,+8,1,1,1,1,+,+11,+11,
2115,36,43,+8,1,1,1,1,+,+11,+11,
2116,35,43,+8,1,1,1,1,+,+11,+11,
2117,34,43,+8,1,1,1,1,+,+11,+11,
2118,33,43,+8,1,1,1,1,+,+11,+11,
2119,32,43,+8,1,1,1,1,+,+11,+11,
2120,31,43,+8,1,1,1,1,+,+11,+11,
2121,30,43,+8,1,1,1,1,+,+11,+11,
2122,29,43,+8,1,1,1,1,+,+11,+11,
2123,28,43,+8,1,1,1,1,+,+11,+11,
2124,27,43,+8,1,1,1,1,+,+11,+11,
2125,26,43,+8,1,1,1,1,+,+11,+11,
2126,25,43,+8,1,1,1,1,+,+11,+11,
2127,24,43,+8,1,1,1,1,+,+11,+11,
2128,23,43,+8,1,1,1,1,+,+11,+11,
2129,22,43,+8,1,1,1,1,+,+11,+11,
2130,21,43,+8,1,1,1,1,+,+11,+11,
2131,20,43,+8,1,1,1,1,+,+11,+11,
2132,19,43,+8,1,1,1,1,+,+11,+11,
2133,18,43,+8,1,1,1,1,+,+11,+11,
2134,17,43,+8,1,1,1,1,+,+11,+11,
2135,16,43,+8,1,1,1,1,+,+11,+11,
2136,15,43,+8,1,1,1,1,+,+11,+11,
2137,14,43,+8,1,1,1,1,+,+11,+11,
2138,13,43,+8,1,1,1,1,+,+11,+11,
2139,12,43,+8,1,1,1,1,+,+11,+11,
2140,11,43,+8,1,1,1,1,+,+11,+11,
2141,10,43,+8,1,1,1,1,+,+11,+11,
2142,9,43,+8,1,1,1,1,+,+11,+11,
2143,8,43,+8,1,1,1,1,+,+11,+11,
2144,7,43,+8,1,1,1,1,+,+11,+11,
2145,6,43,+8,1,1,1,1,+,+11,+11,
2146,5,43,+8,1,1,1,1,+,+11,+11,
2147,4,43,+8,1,1,1,1,+,+11,+11,
2148,3,43,+8,1,1,1,1,+,+11,+11,
2149,2,43,+8,1,1,1,1,+,+11,+11,
2150,1,43,+8,1,1,1,1,+,+11,+11,
,,,,+11,1,,,+,,,line_switch
2151,1,44,-8,1,1,1,1,-,+11,+11,
2152,2,44,-8,1,1,1,1,-,-11,-11,
2153,3,44,-8,1,1,1,1,-,-11,-11,
2154,4,44,-8,1,1,1,1,-,-11,-11,
2155,5,44,-8,1,1,1,1,-,-11,-11,
2156,6,44,-8,1,1,1,1,-,-11,-11,
2157,7,44,-8,1,1,1,1,-,-11,-11,
2158,8,44,-8,1,1,1,1,-,-11,-11,
2159,9,44,-8,1,1,1,1,-,-11,-11,
2160,10,44,-8,1,1,1,1,-,-11,-11,
2161,11,44,-8,1,1,1,1,-,-11,-11,
2162,12,44,-8,1,1,1,1,-,-11,-11,
2163,13,44,-8,1,1,1,1,-,-11,-11,
2164,14,44,-8,1,1,1,1,-,-11,-11,
2165,15,44,-8,1,1,1,1,-,-11,-11,
2166,16,44,-8,1,1,1,1,-,-11,-11,
2167,17,44,-8,1,1,1,1,-,-11,-11,
2168,18,44,-8,1,1,1,1,-,-11,-11,
2169,19,44,-8,1,1,1,1,-,-11,-11,
2170,20,44,-8,1,1,1,1,-,-11,-11,
2171,21,44,-8,1,1,1,1,-,-11,-11,
2172,22,44,-8,1,1,1,1,-,-11,-11,
2173,23,44,-8,1,1,1,1,-,-11,-11,
2174,24,44,-8,1,1,1,1,-,-11,-11,
2175,25,44,-8,1,1,1,1,-,-11,-11,
2176,26,44,-8,1,1,1,1,-,-11,-11,
2177,27,44,-8,1,1,1,1,-,-11,-11,
2178,28,44,-8,1,1,1,1,-,-11,-11,
2179,29,44,-8,1,1,1,1,-,-11,-11,
2180,30,44,-8,1,1,1,1,-,-11,-11,
2181,31,44,-8,1,1,1,1,-,-11,-11,
2182,32,44,-8,1,1,1,1,-,-11,-11,
2183,33,44,-8,1,1,1,1,-,-11,-11,
2184,34,44,-8,1,1,1,1,-,-11,-11,
2185,35,44,-8,1,1,1,1,-,-11,-11,
2186,36,44,-8,1,1,1,1,-,-11,-11,
2187,37,44,-8,1,1,1,1,-,-11,-11,
2188,38,44,-8,1,1,1,1,-,-11,-11,
2189,39,44,-8,1,1,1,1,-,-11,-11,
2190,40,44,-8,1,1,1,1,-,-11,-11,
2191,41,44,-8,1,1,1,1,-,-11,-11,
2192,42,44,-8,1,1,1,1,-,-11,-11,
2193,43,44,-8,1,1,1,1,-,-11,-11,
2194,44,44,-8,1,1,1,1,-,-11,-11,
2195,45,44,-8,1,1,1,1,-,-11,-11,
2196,46,44,-8,1,1,1,1,-,-11,-11,
2197,47,44,-8,1,1,1,1,-,-11,-11,
2198,48,44,-8,1,1,1,1,-,-11,-11,
2199,49,44,-8,1,1,1,1,-,-11,-11,
2200,50,44,-8,1,1,1,1,-,-11,-11,
,,,,-11,1,,,-,,,line_switch
2201,50,45,+8,1,1,1,1,+,-11,-11,
2202,49,45,+8,1,1,1,1,+,+11,+11,
2203,48,45,+8,1,1,1,1,+,+11,+11,
2204,47,45,+8,1,1,1,1,+,+11,+11,
2205,46,45,+8,1,1,1,1,+,+11,+11,
2206,45,45,+8,1,1,1,1,+,+11,+11,
2207,44,45,+8,1,1,1,1,+,+11,+11,
2208,43,45,+8,1,1,1,1,+,+11,+11,
2209,42,45,+8,1,1,1,1,+,+11,+11,
2210,41,45,+8,1,1,1,1,+,+11,+11,
2211,40,45,+8,1,1,1,1,+,+11,+11,
2212,39,45,+8,1,1,1,1,+,+11,+11,
2213,38,45,+8,1,1,1,1,+,+11,+11,
2214,37,45,+8,1,1,1,1,+,+11,+11,
2215,36,45,+8,1,1,1,1,+,+11,+11,
2216,35,45,+8,1,1,1,1,+,+11,+11,
2217,34,45,+8,1,1,1,1,+,+11,+11,
2218,33,45,+8,1,1,1,1,+,+11,+11,
2219,32,45,+8,1,1,1,1,+,+11,+11,
2220,31,45,+8,1,1,1,1,+,+11,+11,
2221,30,45,+8,1,1,1,1,+,+11,+11,
2222,29,45,+8,1,1,1,1,+,+11,+11,
2223,28,45,+8,1,1,1,1,+,+11,+11,
2224,27,45,+8,1,1,1,1,+,+11,+11,
2225,26,45,+8,1,1,1,1,+,+11,+11,
2226,25,45,+8,1,1,1,1,+,+11,+11,
2227,24,45,+8,1,1,1,1,+,+11,+11,
2228,23,45,+8,1,1,1,1,+,+11,+11,
2229,22,45,+8,1,1,1,1,+,+11,+11,
2230,21,45,+8,1,1,1,1,+,+11,+11,
2231,20,45,+8,1,1,1,1,+,+11,+11,
2232,19,45,+8,1,1,1,1,+,+11,+11,
2233,18,45,+8,1,1,1,1,+,+11,+11,
2234,17,45,+8,1,1,1,1,+,+11,+11,
2235,16,45,+8,1,1,1,1,+,+11,+11,
2236,15,45,+8,1,1,1,1,+,+11,+11,
2237,14,45,+8,1,1,1,1,+,+11,+11,
2238,13,45,+8,1,1,1,1,+,+11,+11,
2239,12,45,+8,1,1,1,1,+,+11,+11,
2240,11,45,+8,1,1,1,1,+,+11,+11,
2241,10,45,+8,1,1,1,1,+,+11,+11,
2242,9,45,+8,1,1,1,1,+,+11,+11,
2243,8,45,+8,1,1,1,1,+,+11,+11,
2244,7,45,+8,1,1,1,1,+,+11,+11,
2245,6,45,+8,1,1,1,1,+,+11,+11,
2246,5,45,+8,1,1,1,1,+,+11,+11,
2247,4,45,+8,1,1,1,1,+,+11,+11,
2248,3,45,+8,1,1,1,1,+,+11,+11,
2249,2,45,+8,1,1,1,1,+,+11,+11,
2250,1,45,+8,1,1,1,1,+,+11,+11,
,,,,+11,1,,,+,,,line_switch
2251,1,46,-8,1,1,1,1,-,+11,+11,
2252,2,46,-8,1,1,1,1,-,-11,-11,
2253,3,46,-8,1,1,1,1,-,-11,-11,
2254,4,46,-8,1,1,1,1,-,-11,-11,
2255,5,46,-8,1,1,1,1,-,-11,-11,
2256,6,46,-8,1,1,1,1,-,-11,-11,
2257,7,46,-8,1,1,1,1,-,-11,-11,
2258,8,46,-8,1,1,1,1,-,-11,-11,
2259,9,46,-8,1,1,1,1,-,-11,-11,
2260,10,46,-8,1,1,1,1,-,-11,-11,
2261,11,46,-8,1,1,1,1,-,-11,-11,
2262,12,46,-8,1,1,1,1,-,-11,-11,
2263,13,46,-8,1,1,1,1,-,-11,-11,
2264,14,46,-8,1,1,1,1,-,-11,-11,
2265,15,46,-8,1,1,1,1,-,-11,-11,
2266,16,46,-8,1,1,1,1,-,-11,-11,
2267,17,46,-8,1,1,1,1,-,-11,-11,
2268,18,46,-8,1,1,1,1,-,-11,-11,
2269,19,46,-8,1,1,1,1,-,-11,-11,
2270,20,46,-8,1,1,1,1,-,-11,-11,
2271,21,46,-8,1,1,1,1,-,-11,-11,
2272,22,46,-8,1,1,1,1,-,-11,-11,
2273,23,46,-8,1,1,1,1,-,-11,-11,
2274,24,46,-8,1,1,1,1,-,-11,-11,
2275,25,46,-8,1,1,1,1,-,-11,-11,
2276,26,46,-8,1,1,1,1,-,-11,-11,
2277,27,46,-8,1,1,1,1,-,-11,-11,
2278,28,46,-8,1,1,1,1,-,-11,-11,
2279,29,46,-8,1,1,1,1,-,-11,-11,
2280,30,46,-8,1,1,1,1,-,-11,-11,
2281,31,46,-8,1,1,1,1,-,-11,-11,
2282,32,46,-8,1,1,1,1,-,-11,-11,
2283,33,46,-8,1,1,1,1,-,-11,-11,
2284,34,46,-8,1,1,1,1,-,-11,-11,
2285,35,46,-8,1,1,1,1,-,-11,-11,
2286,36,46,-8,1,1,1,1,-,-11,-11,
2287,37,46,-8,1,1,1,1,-,-11,-11,
2288,38,46,-8,1,1,1,1,-,-11,-11,
2289,39,46,-8,1,1,1,1,-,-11,-11,
2290,40,46,-8,1,1,1,1,-,-11,-11,
2291,41,46,-8,1,1,1,1,-,-11,-11,
2292,42,46,-8,1,1,1,1,-,-11,-11,
2293,43,46,-8,1,1,1,1,-,-11,-11,
2294,44,46,-8,1,1,1,1,-,-11,-11,
2295,45,46,-8,1,1,1,1,-,-11,-11,
2296,46,46,-8,1,1,1,1,-,-11,-11,
2297,47,46,-8,1,1,1,1,-,-11,-11,
2298,48,46,-8,1,1,1,1,-,-11,-11,
2299,49,46,-8,1,1,1,1,-,-11,-11,
2300,50,46,-8,1,1,1,1,-,-11,-11,
,,,,-11,1,,,-,,,line_switch
2301,50,47,+8,1,1,1,1,+,-11,-11,
2302,49,47,+8,1,1,1,1,+,+11,+11,
2303,48,47,+8,1,1,1,1,+,+11,+11,
2304,47,47,+8,1,1,1,1,+,+11,+11,
2305,46,47,+8,1,1,1,1,+,+11,+11,
2306,45,47,+8,1,1,1,1,+,+11,+11,
2307,44,47,+8,1,1,1,1,+,+11,+11,
2308,43,47,+8,1,1,1,1,+,+11,+11,
2309,42,47,+8,1,1,1,1,+,+11,+11,
2310,41,47,+8,1,1,1,1,+,+11,+11,
2311,40,47,+8,1,1,1,1,+,+11,+11,
2312,39,47,+8,1,1,1,1,+,+11,+11,
2313,38,47,+8,1,1,1,1,+,+11,+11,
2314,37,47,+8,1,1,1,1,+,+11,+11,
2315,36,47,+8,1,1,1,1,+,+11,+11,
2316,35,47,+8,1,1,1,1,+,+11,+11,
2317,34,47,+8,1,1,1,1,+,+11,+11,
2318,33,47,+8,1,1,1,1,+,+11,+11,
2319,32,47,+8,1,1,1,1,+,+11,+11,
2320,31,47,+8,1,1,1,1,+,+11,+11,
2321,30,47,+8,1,1,1,1,+,+11,+11,
2322,29,47,+8,1,1,1,1,+,+11,+11,
2323,28,47,+8,1,1,1,1,+,+11,+11,
2324,27,47,+8,1,1,1,1,+,+11,+11,
2325,26,47,+8,1,1,1,1,+,+11,+11,
2326,25,47,+8,1,1,1,1,+,+11,+11,
2327,24,47,+8,1,1,1,1,+,+11,+11,
2328,23,47,+8,1,1,1,1,+,+11,+11,
2329,22,47,+8,1,1,1,1,+,+11,+11,
2330,21,47,+8,1,1,1,1,+,+11,+11,
2331,20,47,+8,1,1,1,1,+,+11,+11,
2332,19,47,+8,1,1,1,1,+,+11,+11,
2333,18,47,+8,1,1,1,1,+,+11,+11,
2334,17,47,+8,1,1,1,1,+,+11,+11,
2335,16,47,+8,1,1,1,1,+,+11,+11,
2336,15,47,+8,1,1,1,1,+,+11,+11,
2337,14,47,+8,1,1,1,1,+,+11,+11,
2338,13,47,+8,1,1,1,1,+,+11,+11,
2339,12,47,+8,1,1,1,1,+,+11,+11,
2340,11,47,+8,1,1,1,1,+,+11,+11,
2341,10,47,+8,1,1,1,1,+,+11,+11,
2342,9,47,+8,1,1,1,1,+,+11,+11,
2343,8,47,+8,1,1,1,1,+,+11,+11,
2344,7,47,+8,1,1,1,1,+,+11,+11,
2345,6,47,+8,1,1,1,1,+,+11,+11,
2346,5,47,+8,1,1,1,1,+,+11,+11,
2347,4,47,+8,1,1,1,1,+,+11,+11,
2348,3,47,+8,1,1,1,1,+,+11,+11,
2349,2,47,+8,1,1,1,1,+,+11,+11,
2350,1,47,+8,1,1,1,1,+,+11,+11,
,,,,+11,1,,,+,,,line_switch
2351,1,48,-8,1,1,1,1,-,+11,+11,
2352,2,48,-8,1,1,1,1,-,-11,-11,
2353,3,48,-8,1,1,1,1,-,-11,-11,
2354,4,48,-8,1,1,1,1,-,-11,-11,
2355,5,48,-8,1,1,1,1,-,-11,-11,
2356,6,48,-8,1,1,1,1,-,-11,-11,
2357,7,48,-8,1,1,1,1,-,-11,-11,
2358,8,48,-8,1,1,1,1,-,-11,-11,
2359,9,48,-8,1,1,1,1,-,-11,-11,
2360,10,48,-8,1,1,1,1,-,-11,-11,
2361,11,48,-8,1,1,1,1,-,-11,-11,
2362,12,48,-8,1,1,1,1,-,-11,-11,
2363,13,48,-8,1,1,1,1,-,-11,-11,
2364,14,48,-8,1,1,1,1,-,-11,-11,
2365,15,48,-8,1,1,1,1,-,-11,-11,
2366,16,48,-8,1,1,1,1,-,-11,-11,
2367,17,48,-8,1,1,1,1,-,-11,-11,
2368,18,48,-8,1,1,1,1,-,-11,-11,
2369,19,48,-8,1,1,1,1,-,-11,-11,
2370,20,48,-8,1,1,1,1,-,-11,-11,
2371,21,48,-8,1,1,1,1,-,-11,-11,
2372,22,48,-8,1,1,1,1,-,-11,-11,
2373,23,48,-8,1,1,1,1,-,-11,-11,
2374,24,48,-8,1,1,1,1,-,-11,-11,
2375,25,48,-8,1,1,1,1,-,-11,-11,
2376,26,48,-8,1,1,1,1,-,-11,-11,
2377,27,48,-8,1,1,1,1,-,-11,-11,
2378,28,48,-8,1,1,1,1,-,-11,-11,
2379,29,48,-8,1,1,1,1,-,-11,-11,
2380,30,48,-8,1,1,1,1,-,-11,-11,
2381,31,48,-8,1,1,1,1,-,-11,-11,
2382,32,48,-8,1,1,1,1,-,-11,-11,
2383,33,48,-8,1,1,1,1,-,-11,-11,
2384,34,48,-8,1,1,1,1,-,-11,-11,
2385,35,48,-8,1,1,1,1,-,-11,-11,
2386,36,48,-8,1,1,1,1,-,-11,-11,
2387,37,48,-8,1,1,1,1,-,-11,-11,
2388,38,48,-8,1,1,1,1,-,-11,-11,
2389,39,48,-8,1,1,1,1,-,-11,-11,
2390,40,48,-8,1,1,1,1,-,-11,-11,
2391,41,48,-8,1,1,1,1,-,-11,-11,
2392,42,48,-8,1,1,1,1,-,-11,-11,
2393,43,48,-8,1,1,1,1,-,-11,-11,
2394,44,48,-8,1,1,1,1,-,-11,-11,
2395,45,48,-8,1,1,1,1,-,-11,-11,
2396,46,48,-8,1,1,1,1,-,-11,-11,
2397,47,48,-8,1,1,1,1,-,-11,-11,
2398,48,48,-8,1,1,1,1,-,-11,-11,
2399,49,48,-8,1,1,1,1,-,-11,-11,
2400,50,48,-8,1,1,1,1,-,-11,-11,
,,,,-11,1,,,-,,,line_switch
2401,50,49,+8,1,1,1,1,+,-11,-11,
2402,49,49,+8,1,1,1,1,+,+11,+11,
2403,48,49,+8,1,1,1,1,+,+11,+11,
2404,47,49,+8,1,1,1,1,+,+11,+11,
2405,46,49,+8,1,1,1,1,+,+11,+11,
2406,45,49,+8,1,1,1,1,+,+11,+11,
2407,44,49,+8,1,1,1,1,+,+11,+11,
2408,43,49,+8,1,1,1,1,+,+11,+11,
2409,42,49,+8,1,1,1,1,+,+11,+11,
2410,41,49,+8,1,1,1,1,+,+11,+11,
2411,40,49,+8,1,1,1,1,+,+11,+11,
2412,39,49,+8,1,1,1,1,+,+11,+11,
2413,38,49,+8,1,1,1,1,+,+11,+11,
2414,37,49,+8,1,1,1,1,+,+11,+11,
2415,36,49,+8,1,1,1,1,+,+11,+11,
2416,35,49,+8,1,1,1,1,+,+11,+11,
2417,34,49,+8,1,1,1,1,+,+11,+11,
2418,33,49,+8,1,1,1,1,+,+11,+11,
2419,32,49,+8,1,1,1,1,+,+11,+11,
2420,31,49,+8,1,1,1,1,+,+11,+11,
2421,30,49,+8,1,1,1,1,+,+11,+11,
2422,29,49,+8,1,1,1,1,+,+11,+11,
2423,28,49,+8,1,1,1,1,+,+11,+11,
2424,27,49,+8,1,1,1,1,+,+11,+11,
2425,26,49,+8,1,1,1,1,+,+11,+11,
2426,25,49,+8,1,1,1,1,+,+11,+11,
2427,24,49,+8,1,1,1,1,+,+11,+11,
2428,23,49,+8,1,1,1,1,+,+11,+11,
2429,22,49,+8,1,1,1,1,+,+11,+11,
2430,21,49,+8,1,1,1,1,+,+11,+11,
2431,20,49,+8,1,1,1,1,+,+11,+11,
2432,19,49,+8,1,1,1,1,+,+11,+11,
2433,18,49,+8,1,1,1,1,+,+11,+11,
2434,17,49,+8,1,1,1,1,+,+11,+11,
2435,16,49,+8,1,1,1,1,+,+11,+11,
2436,15,49,+8,1,1,1,1,+,+11,+11,
2437,14,49,+8,1,1,1,1,+,+11,+11,
2438,13,49,+8,1,1,1,1,+,+11,+11,
2439,12,49,+8,1,1,1,1,+,+11,+11,
2440,11,49,+8,1,1,1,1,+,+11,+11,
2441,10,49,+8,1,1,1,1,+,+11,+11,
2442,9,49,+8,1,1,1,1,+,+11,+11,
2443,8,49,+8,1,1,1,1,+,+11,+11,
2444,7,49,+8,1,1,1,1,+,+11,+11,
2445,6,49,+8,1,1,1,1,+,+11,+11,
2446,5,49,+8,1,1,1,1,+,+11,+11,
2447,4,49,+8,1,1,1,1,+,+11,+11,
2448,3,49,+8,1,1,1,1,+,+11,+11,
2449,2,49,+8,1,1,1,1,+,+11,+11,
2450,1,49,+8,1,1,1,1,+,+11,+11,
,,,,+11,1,,,+,,,line_switch
2451,1,50,-8,1,1,1,1,-,+11,+11,
2452,2,50,-8,1,1,1,1,-,-11,-11,
2453,3,50,-8,1,1,1,1,-,-11,-11,
2454,4,50,-8,1,1,1,1,-,-11,-11,
2455,5,50,-8,1,1,1,1,-,-11,-11,
2456,6,50,-8,1,1,1,1,-,-11,-11,
2457,7,50,-8,1,1,1,1,-,-11,-11,
2458,8,50,-8,1,1,1,1,-,-11,-11,
2459,9,50,-8,1,1,1,1,-,-11,-11,
2460,10,50,-8,1,1,1,1,-,-11,-11,
2461,11,50,-8,1,1,1,1,-,-11,-11,
2462,12,50,-8,1,1,1,1,-,-11,-11,
2463,13,50,-8,1,1,1,1,-,-11,-11,
2464,14,50,-8,1,1,1,1,-,-11,-11,
2465,15,50,-8,1,1,1,1,-,-11,-11,
2466,16,50,-8,1,1,1,1,-,-11,-11,
2467,17,50,-8,1,1,1,1,-,-11,-11,
2468,18,50,-8,1,1,1,1,-,-11,-11,
2469,19,50,-8,1,1,1,1,-,-11,-11,
2470,20,50,-8,1,1,1,1,-,-11,-11,
2471,21,50,-8,1,1,1,1,-,-11,-11,
2472,22,50,-8,1,1,1,1,-,-11,-11,
2473,23,50,-8,1,1,1,1,-,-11,-11,
2474,24,50,-8,1,1,1,1,-,-11,-11,
2475,25,50,-8,1,1,1,1,-,-11,-11,
2476,26,50,-8,1,1,1,1,-,-11,-11,
2477,27,50,-8,1,1,1,1,-,-11,-11,
2478,28,50,-8,1,1,1,1,-,-11,-11,
2479,29,50,-8,1,1,1,1,-,-11,-11,
2480,30,50,-8,1,1,1,1,-,-11,-11,
2481,31,50,-8,1,1,1,1,-,-11,-11,
2482,32,50,-8,1,1,1,1,-,-11,-11,
2483,33,50,-8,1,1,1,1,-,-11,-11,
2484,34,50,-8,1,1,1,1,-,-11,-11,
2485,35,50,-8,1,1,1,1,-,-11,-11,
2486,36,50,-8,1,1,1,1,-,-11,-11,
2487,37,50,-8,1,1,1,1,-,-11,-11,
2488,38,50,-8,1,1,1,1,-,-11,-11,
2489,39,50,-8,1,1,1,1,-,-11,-11,
2490,40,50,-8,1,1,1,1,-,-11,-11,
2491,41,50,-8,1,1,1,1,-,-11,-11,
2492,42,50,-8,1,1,1,1,-,-11,-11,
2493,43,50,-8,1,1,1,1,-,-11,-11,
2494,44,50,-8,1,1,1,1,-,-11,-11,
2495,45,50,-8,1,1,1,1,-,-11,-11,
2496,46,50,-8,1,1,1,1,-,-11,-11,
2497,47,50,-8,1,1,1,1,-,-11,-11,
2498,48,50,-8,1,1,1,1,-,-11,-11,
2499,49,50,-8,1,1,1,1,-,-11,-11,
2500,50,50,-8,1,1,1,1,-,-11,-11,
